subj_idx,induction,prime_valence,target_valence,v,sigma,a,x0,nondectime,n_trials,accuracy,group,error
55860282,shape,positive,positive,7.1817934587846475,1.2978483105362706,5.170000601163073,0.196628499066126,0.23004388117701072,23,1.0,normal,
55860282,shape,negative,negative,-3.5430013267965688,1.07643288108188,3.873745424830849,-0.6336225787341937,0.34199722919083414,23,1.0,normal,
55860282,shape,positive,negative,-4.264800958001506,1.2335792690530551,1.4187610948406346,0.21872338803879196,0.3719124547028704,25,0.96,normal,
55860282,shape,negative,positive,2.459374802509683,1.350361438316734,2.7845555096147088,0.6944282035375889,0.42950756277278906,24,1.0,normal,
55860282,emotion,negative,negative,-5.507814683972098,1.7886544433183673,3.2853565271584846,-0.4109098547993764,0.3809611965067815,24,1.0,normal,
55860282,emotion,positive,negative,-6.261822714520452,0.7784623762410529,3.2933244961109134,0.2619738346917983,0.20382434904471924,24,1.0,normal,
55860282,emotion,negative,positive,1.3023205612622597,1.1400440648259582,3.801016676352332,0.8118204979175399,0.44108724338478145,24,1.0,normal,
55860282,emotion,positive,positive,4.535054305134123,1.970516472075076,2.6916400567274232,0.08783287265962463,0.3071011250765472,24,0.9583333333333334,normal,
