subj_idx,induction,prime_valence,target_valence,v,sigma,a,x0,nondectime,n_trials,accuracy,group,error
56027303,shape,positive,positive,1.688252979385459,0.7034179939830728,2.158586277143498,0.43198755034576886,0.27499656434883923,23,1.0,normal,
56027303,shape,negative,negative,-2.7299166612690717,1.7412048105772953,2.922843250195637,-0.07960379298319352,0.3857904072041197,22,0.9545454545454546,normal,
56027303,shape,positive,negative,-3.993660874432309,1.7887945046382538,5.449999859072316,-0.34356308960552295,0.28756881858853256,24,1.0,normal,
56027303,shape,negative,positive,2.0717653347982843,1.1024977309028954,2.694407701636571,0.6863127996949784,0.4015682350169939,25,1.0,normal,
56027303,emotion,negative,negative,-1.3342827749712547,1.1231357930204557,4.846035825348448,-0.7626349243832592,0.3716656031291612,22,1.0,normal,
56027303,emotion,positive,negative,-2.310947132687131,1.819526024337572,5.46085023992172,-0.7641372703595387,0.36348878244751726,25,1.0,normal,
56027303,emotion,negative,positive,2.251839628495833,1.24916222154287,4.49000000144409,0.7130996778617585,0.3287220983026767,25,1.0,normal,
56027303,emotion,positive,positive,7.959270961438635,1.3816136567213269,3.8433269223872317,-0.12770673259257212,0.20138820974302732,23,1.0,normal,
