subj_idx,induction,prime_valence,target_valence,v,sigma,a,x0,nondectime,n_trials,accuracy,group,error
55862633,shape,negative,positive,1.6961607677427495,1.381305308569981,1.8629631860865206,0.5005730733501386,0.477630163634227,25,0.96,normal,
55862633,shape,negative,negative,-4.954669282106076,0.8940832319770724,3.2131958050088603,0.08003290857979532,0.21767521806576443,23,1.0,normal,
55862633,shape,positive,positive,5.1784334944890205,1.1891146023950256,3.7239138564883527,0.12467422590812442,0.23788893329090163,23,1.0,normal,
55862633,shape,positive,negative,-3.021465590748637,1.3972861875419678,4.659999925626701,-0.544036080082887,0.3757877005678417,25,1.0,normal,
55862633,emotion,positive,negative,-3.0655571008330145,1.26998515409952,4.718267107614893,-0.6640529273034033,0.42361899228354466,28,1.0,normal,
55862633,emotion,negative,positive,4.467808642584062,1.7120959917215082,2.536384489101659,-0.008671515954827114,0.3508814685084464,28,0.9642857142857143,normal,
55862633,emotion,negative,negative,-1.6293501499325307,1.355439286029294,1.7165199613492796,-0.27567690145621565,0.40722698041479005,20,0.9,normal,
55862633,emotion,positive,positive,3.4346862638120945,1.8430354824536823,2.5433729132621234,0.056815075912856706,0.3764465304154309,19,0.9473684210526315,normal,
