subj_idx,induction,prime_valence,target_valence,v,sigma,a,x0,nondectime,n_trials,accuracy,group,error
55866572,shape,negative,positive,5.14690348192358,1.8114883622178228,2.2622120334626845,-0.1912628102411088,0.35482700376190174,22,0.9545454545454546,normal,
55866572,shape,negative,negative,-5.372065641168077,1.894279320054835,2.4047804392805983,0.19773852610271767,0.37518587226865746,26,0.9230769230769231,normal,
55866572,shape,positive,positive,4.119136788137663,0.8766213350857038,3.4300000511463806,0.4055385333148614,0.27957918594872944,26,1.0,normal,
55866572,shape,positive,negative,-6.836440048430655,1.9026351394411076,3.21064066394093,-0.21287321737017864,0.37715930385777624,22,1.0,normal,
55866572,emotion,positive,negative,-7.697219646084903,1.3608817107264888,3.2085410956751934,0.39231625974282086,0.22510823593655085,24,1.0,normal,
55866572,emotion,negative,positive,6.3679347114775355,1.3600100358084164,2.421617709107868,0.16344764446993226,0.3461759326681396,24,1.0,normal,
55866572,emotion,negative,negative,-5.433208148580705,1.5370768002315465,1.8049311141685305,0.17438748072188168,0.3736023941186034,24,0.9583333333333334,normal,
55866572,emotion,positive,positive,3.4668211463149508,1.8411519182581462,5.27604562624797,0.7532553831722096,0.39202428321943106,24,1.0,normal,
