subj_idx,induction,prime_valence,target_valence,v,sigma,a,x0,nondectime,n_trials,accuracy,group,error
55777851,shape,positive,positive,3.183341866643853,1.8814839847887066,2.4700000001672935,0.33001371554937525,0.2870017783518784,26,0.9615384615384616,normal,
55777851,shape,negative,negative,-3.2077217776071025,1.061372291657969,2.1527583303203173,-0.3980330348187502,0.3202178338354654,26,1.0,normal,
55777851,shape,positive,negative,-5.758179455588277,1.9663335662380885,3.238256592395085,0.5084947645454551,0.20009312879766072,22,0.9545454545454546,normal,
55777851,shape,negative,positive,3.225705444500313,1.1352252965436456,2.1099979312663053,0.5398724230876744,0.32098970123698617,22,0.9545454545454546,normal,
55777851,emotion,negative,negative,-5.767991113238296,1.85568528672229,4.76000007134711,-0.1533930368435721,0.20068324417668695,25,1.0,normal,
55777851,emotion,positive,negative,-7.86140562880304,1.500070484840324,3.0898202404078243,0.7646306962742823,0.20053336436626015,23,0.9565217391304348,normal,
55777851,emotion,negative,positive,7.535895313718931,1.8654066183459128,2.539999980455825,0.35202820443701616,0.34481035034625934,23,1.0,normal,
55777851,emotion,positive,positive,3.2507025331479458,1.604624852701483,3.1956624556076783,0.6131245601249306,0.29897231086247283,25,1.0,normal,
