subj_idx,induction,prime_valence,target_valence,v,sigma,a,x0,nondectime,n_trials,accuracy,group,error
55850187,shape,negative,negative,-3.268157614850211,1.9438144666841612,2.512555041845152,-0.46416003741545087,0.3893708447961094,25,0.96,normal,
55850187,shape,positive,positive,6.922184124319924,1.2903611393607979,5.195783440073711,0.2890284940406806,0.22867882002516846,25,1.0,normal,
55850187,shape,positive,negative,-3.9431163129354623,1.4672531478485813,2.643324089410284,-0.3902731231937881,0.375944680031354,23,1.0,normal,
55850187,shape,negative,positive,3.3834820831901844,0.6590108464492253,2.6175728168134933,0.20703931348798563,0.2522402480598319,23,0.9565217391304348,normal,
55850187,emotion,positive,negative,-2.409527675746858,1.7859186222337469,2.1870862753776814,-0.5119749786027966,0.4267104206933672,19,0.9473684210526315,normal,
55850187,emotion,positive,positive,7.491555479264145,1.0026580042525437,2.626687944110942,-0.07710484361017965,0.24000806513180514,29,1.0,normal,
55850187,emotion,negative,positive,4.717895710684308,0.6535266732768387,5.70999999319944,0.5418839327869511,0.20052105458055683,19,1.0,normal,
55850187,emotion,negative,negative,-2.908755965585474,1.2558044737455942,1.5932875765118555,-0.22672941761575222,0.36222932723361867,29,0.9655172413793104,normal,
