subj_idx,induction,prime_valence,target_valence,v,sigma,a,x0,nondectime,n_trials,accuracy,group,error
55936390,shape,positive,positive,5.9794473347937895,1.844850850616327,1.6273884412815616,-0.08722813775082296,0.2574694347922595,27,0.9259259259259259,normal,
55936390,shape,negative,negative,-3.8610453719769615,1.175522709178244,1.479068783593422,0.1704680077788778,0.20349094485895508,27,0.9629629629629629,normal,
55936390,shape,positive,negative,-2.568221857225484,0.753812403796851,1.5626540703930174,-0.36112383408795967,0.3168077321105896,21,1.0,normal,
55936390,shape,negative,positive,5.663935454326145,0.6945410561289538,1.360000012717678,-0.8456762750067868,0.23444775654782252,21,0.9047619047619048,normal,
55936390,emotion,negative,negative,-4.599730794776196,1.5100344606545417,1.8444135493332736,0.048774880720226135,0.24123508391035853,25,0.96,normal,
55936390,emotion,positive,negative,-7.878357976286885,1.495775000807773,2.312571687635789,0.5851914358197776,0.22237233046487112,23,0.9130434782608695,normal,
55936390,emotion,negative,positive,6.281871018052742,1.1355839162051167,1.1702868924599907,-0.3660181575101385,0.3079888242730707,23,0.9565217391304348,normal,
55936390,emotion,positive,positive,7.424219508311252,1.7649816805604406,2.862418347847767,0.09460388104303179,0.2005943453747152,25,1.0,normal,
