subj_idx,induction,prime_valence,target_valence,v,sigma,a,x0,nondectime,n_trials,accuracy,group,error
55766121,shape,negative,positive,2.9886505100034686,1.707605053084288,3.2580991707695603,-0.1275009148539887,0.5697386158953601,17,0.9411764705882353,normal,
55766121,shape,negative,negative,-2.1961295213991323,0.7655480904358442,4.291277346746764,-0.28011861062359017,0.2006508359960468,24,1.0,normal,
55766121,shape,positive,positive,3.2620293551161423,1.7625277640371404,2.7676411245724304,-0.015180640710932737,0.5993804581145188,21,0.9523809523809523,normal,
55766121,shape,positive,negative,-2.653137009843866,1.4349880991784585,4.748267938443378,-0.3570300711689166,0.38842276367273476,19,1.0,normal,
55766121,emotion,positive,negative,-2.4528367063707583,1.6708945113956766,5.028614819273681,-0.40254771265018885,0.4193879917194464,19,1.0,normal,
55766121,emotion,negative,positive,2.8115834947839513,1.8465577663943697,5.838690883940711,0.5808379619026374,0.46554607256035774,20,1.0,normal,
55766121,emotion,negative,negative,-1.960946929851419,0.8151794114542046,3.4540167712635235,-0.16154365856466565,0.2471813862415056,25,1.0,normal,
55766121,emotion,positive,positive,3.259363874350505,1.317026644496118,5.631477042209755,0.06389679831377741,0.20074269017600305,24,1.0,normal,
