subj_idx,induction,prime_valence,target_valence,v,sigma,a,x0,nondectime,n_trials,accuracy,group,error
56702182,shape,positive,positive,5.611818807507867,1.312126655664728,4.182756408223876,0.15321863298849678,0.20039498901399114,24,1.0,depression,
56702182,shape,negative,negative,-7.061405732398671,1.5848133528431687,3.703502077986847,0.1261635410928935,0.20008333141341647,24,1.0,depression,
56702182,shape,positive,negative,-6.409926796718058,1.3297153178752605,2.713346721990326,0.7192732015111802,0.20094000519294947,24,0.9583333333333334,depression,
56702182,shape,negative,positive,3.8844260597830567,1.900144941348993,2.2370414547141597,0.12326554998013882,0.33312834834808447,24,0.9166666666666666,depression,
56702182,emotion,negative,negative,-7.687007260137874,1.3718596148409707,4.819491183071487,0.16207611706202132,0.2031290937172314,25,1.0,depression,
56702182,emotion,positive,negative,-4.331458698097557,1.4657363370565677,1.8399999022538078,0.08129767570579034,0.3305717522535136,23,0.9565217391304348,depression,
56702182,emotion,negative,positive,2.4846098539480637,1.6463971817551295,1.7946579009819734,0.06334650344206376,0.337653713556573,23,0.8695652173913043,depression,
56702182,emotion,positive,positive,5.480020093044609,1.5908817267179083,1.5210230038687853,-0.20750987292522463,0.321021788161689,25,0.92,depression,
