subj_idx,induction,prime_valence,target_valence,v,sigma,a,x0,nondectime,n_trials,accuracy,group,error
55931580,shape,negative,negative,-2.8382075314781186,1.3150550952414906,4.064510875724721,-0.5437610685748033,0.3671476337682975,17,1.0,normal,
55931580,shape,positive,positive,4.000948343719225,1.608305399120566,5.167719758569162,0.22992072503135683,0.3137844295751172,17,1.0,normal,
55931580,shape,positive,negative,-1.6364561685188364,1.5634513121690645,2.730005176753754,-0.3030815898258506,0.36978812644424364,30,0.9333333333333333,normal,
55931580,shape,negative,positive,4.288253364175678,1.6902961340101137,3.556575817037577,-0.3040952540895645,0.2446022229560959,31,0.967741935483871,normal,
55931580,emotion,positive,negative,-2.8585631948181507,1.364926082921977,5.1023293583687135,-0.4460871821608036,0.24159282546590324,23,1.0,normal,
55931580,emotion,positive,positive,2.8493602054036153,1.554938099843997,5.305441570112975,0.5311654402695154,0.3641935932685926,23,1.0,normal,
55931580,emotion,negative,positive,5.3842702287964705,1.7761266270422051,4.1361229255680465,0.18462816103765492,0.33133129358096736,24,1.0,normal,
55931580,emotion,negative,negative,-3.321306781023192,1.6957515184393204,2.1683221122393457,-0.13662950619569697,0.4092245754803602,23,0.9565217391304348,normal,
