subj_idx,induction,prime_valence,target_valence,v,sigma,a,x0,nondectime,n_trials,accuracy,group,error
55781652,shape,negative,negative,-3.506979005954076,1.2539154364126786,2.093948915725368,0.3159262963747549,0.31866895905126386,22,0.9545454545454546,normal,
55781652,shape,positive,positive,2.488769981593077,1.2400345955039809,3.2599999972767,0.648150550600728,0.40298229973787475,22,1.0,normal,
55781652,shape,positive,negative,-4.4201129915810675,1.197641657105733,2.524258967780946,0.7478008813898205,0.20091627516474855,26,0.9230769230769231,normal,
55781652,shape,negative,positive,5.016144093010734,1.5653798761391962,3.0632817338602454,-0.5274315987798263,0.20037614900100595,26,0.9230769230769231,normal,
55781652,emotion,positive,negative,-3.111844833812266,1.5332294270986162,2.495375759409488,-0.060298841105940436,0.3408943937553721,24,0.9583333333333334,normal,
55781652,emotion,positive,positive,5.2862359960848355,1.6783879411753,2.649376684827642,-0.21530180404553786,0.28551198087390756,24,0.9583333333333334,normal,
55781652,emotion,negative,positive,4.7608394548955975,1.1693460339313473,4.717499893269579,0.12690074209785837,0.24908687573011937,24,1.0,normal,
55781652,emotion,negative,negative,-5.527423585712821,1.8274897409708548,2.3542926350945845,0.29012702928324346,0.3417621050542043,24,0.9166666666666666,normal,
