subj_idx,induction,prime_valence,target_valence,v,sigma,a,x0,nondectime,n_trials,accuracy,group,error
56279808,shape,negative,negative,-2.7009362850046106,1.7819321333661522,3.0483227175658185,0.023393259941747103,0.2806098129134866,24,0.9166666666666666,depression,
56279808,shape,positive,positive,2.67230989868236,1.68534204450035,5.779775260387217,0.46426795815970096,0.20044857047622588,24,1.0,depression,
56279808,shape,positive,negative,-4.957014791797462,1.749748503697185,4.073536751592424,0.5645097540706503,0.21680311348322726,22,0.9090909090909091,depression,
56279808,shape,negative,positive,5.611727683417134,1.6066102773987894,3.2862660499512955,-0.7139700106703863,0.26149738266519507,23,0.8695652173913043,depression,
56279808,emotion,positive,negative,-3.4845615928989786,0.8473843147678296,1.9228710764091226,0.7336894937394346,0.2351392943729167,26,0.9230769230769231,depression,
56279808,emotion,positive,positive,4.313443576611011,1.5946882001389344,4.950691094951772,0.2593290317609817,0.2003670967065206,22,1.0,depression,
56279808,emotion,negative,positive,5.890784564238586,1.8126399499863506,3.4671559058530623,-0.556967223558088,0.25465322825048237,24,0.9583333333333334,depression,
56279808,emotion,negative,negative,-3.9420396058427434,1.836340985304969,2.818202892446291,0.030227665225868772,0.30509870276671497,20,0.95,depression,
