subj_idx,induction,prime_valence,target_valence,v,sigma,a,x0,nondectime,n_trials,accuracy,group,error
55768880,shape,negative,positive,5.276139716310164,0.9014163910092631,5.606613315307376,-0.010854638171466336,0.20115601234400843,19,1.0,normal,
55768880,shape,negative,negative,-5.515767116071381,1.3751092683902006,4.697298033951345,0.19372003441715166,0.2653603451882929,28,1.0,normal,
55768880,shape,positive,positive,2.0332611805058103,1.0287698412368396,4.540000162656584,0.6068261387963658,0.37882541305280754,28,1.0,normal,
55768880,shape,positive,negative,-2.560195191608253,1.0653874844259585,3.5248859760455233,-0.2704512833128326,0.3839182768791819,16,1.0,normal,
55768880,emotion,positive,negative,-4.939292239349686,1.8378342527344482,5.206458662668039,-0.39287830880784047,0.4002542295318884,27,1.0,normal,
55768880,emotion,negative,positive,5.001253484547016,1.8672530112282821,3.8022240830267706,0.6116122860394829,0.4901963518952548,27,1.0,normal,
55768880,emotion,negative,negative,-4.300749241238731,1.9781471661442316,2.6532768891381666,-0.10419766013547455,0.44542521452655565,20,0.95,normal,
55768880,emotion,positive,positive,3.2290888922663434,1.6769712867113005,3.231575037397896,0.6433333820165316,0.4329904892690605,20,1.0,normal,
