subj_idx,induction,prime_valence,target_valence,v,sigma,a,x0,nondectime,n_trials,accuracy,group,error
55776021,shape,negative,negative,-5.295216825597635,1.9022798582742502,4.942892084509518,-0.21955768513614934,0.34734066339852476,23,1.0,normal,
55776021,shape,positive,positive,3.4910201309460667,0.9059202209815971,2.348839327939707,0.43050185429908483,0.3602383075142578,23,1.0,normal,
55776021,shape,positive,negative,-4.567005582883114,1.22871523529784,5.698792115694736,-0.3973752962329109,0.24391117032442633,25,1.0,normal,
55776021,shape,negative,positive,5.060563848663223,1.8507237552893576,4.648045148695974,0.382844502479113,0.358197463603271,25,1.0,normal,
55776021,emotion,positive,negative,-3.0393179790126035,1.0529198357348408,2.0980508832565365,-0.47732724043580443,0.40038714108911844,20,1.0,normal,
55776021,emotion,positive,positive,5.133652084125882,1.5807610636537812,5.250000170499195,0.273082241130309,0.2681331674223224,28,1.0,normal,
55776021,emotion,negative,positive,1.4498023404185743,0.6354079941661179,4.6310655592145515,0.7966248685593007,0.3094974456289482,20,1.0,normal,
55776021,emotion,negative,negative,-4.833220452638065,1.7837451362934504,5.920000092347317,-0.47673771242048474,0.34847983027817114,28,1.0,normal,
