subj_idx,induction,prime_valence,target_valence,v,sigma,a,x0,nondectime,n_trials,accuracy,group,error
55868471,shape,negative,positive,4.735444839817763,1.5689083439654214,4.45259996602063,0.7591862890503852,0.3182853613637088,24,0.9583333333333334,normal,
55868471,shape,negative,negative,-5.3984213591442165,1.9501919002384347,1.9516978364318027,-0.1835517848400369,0.25015364791642963,24,0.9583333333333334,normal,
55868471,shape,positive,positive,4.4548224301428645,1.3167057889715599,1.4460824366043337,-0.1378687087968867,0.2001189846914762,24,0.9583333333333334,normal,
55868471,shape,positive,negative,-6.792403788316446,1.6942612228108325,2.0370243204128644,0.505171736887677,0.20086873754841555,24,0.9166666666666666,normal,
55868471,emotion,positive,negative,-5.962633096873762,0.9258674151580147,5.734953538866931,-0.6037170815799229,0.20112597345340325,26,1.0,normal,
55868471,emotion,negative,positive,6.938299283615822,1.1734178064567469,3.314996687227954,0.06315626651674396,0.2001664868163118,26,1.0,normal,
55868471,emotion,negative,negative,-4.035134943497004,1.7292141691899998,3.470000577911822,-0.5254802112414285,0.20075128400221148,22,1.0,normal,
55868471,emotion,positive,positive,3.1858920465491147,1.0979862579783033,1.1608772053736909,0.06082266155490983,0.2585465106868393,22,0.9545454545454546,normal,
