subj_idx,induction,prime_valence,target_valence,v,sigma,a,x0,nondectime,n_trials,accuracy,group,error
55852656,shape,negative,negative,-6.5686611955168805,1.719076507475922,2.254857774747808,0.3966754792729415,0.29916848283246317,23,0.9565217391304348,normal,
55852656,shape,positive,positive,7.428671668000851,1.7090953278795398,4.473165308345389,0.15091037154160872,0.22381888824885054,22,1.0,normal,
55852656,shape,positive,negative,-3.6509556504499,1.6776440183218781,1.6884241449285518,-0.2846002892960768,0.30281607891696904,25,0.84,normal,
55852656,shape,negative,positive,4.187221533998092,1.595246174489767,1.5867802197740417,0.15201776100981346,0.330303788328455,25,0.96,normal,
55852656,emotion,positive,negative,-7.077537150045417,1.6726068331735033,1.6800156476669803,0.33617575325560384,0.272481210495435,25,0.96,normal,
55852656,emotion,positive,positive,3.1925810981566882,1.5080020119698796,4.183364091826935,0.735540742488825,0.31894288921086644,23,1.0,normal,
55852656,emotion,negative,positive,7.115154588602654,1.619891799113856,1.943110124111189,-0.3460415167281661,0.2493908904170829,25,0.96,normal,
55852656,emotion,negative,negative,-6.619999682219109,1.747719006163111,1.644834434676634,0.27982442496508836,0.3507143514562571,23,0.9130434782608695,normal,
