subj_idx,induction,prime_valence,target_valence,v,sigma,a,x0,nondectime,n_trials,accuracy,group,error
55854618,shape,negative,positive,6.433215181826657,1.3517578116341233,1.4524350357664284,-0.45869747006165923,0.32988356243597977,25,0.88,normal,
55854618,shape,negative,negative,-2.167617234606353,1.1882745295260624,1.0956511142180543,-0.08681370037361569,0.4172569690745,23,0.8695652173913043,normal,
55854618,shape,positive,positive,1.9765779735374756,0.8574051263900433,0.8643301969562837,0.026911603851976062,0.3610852324156609,23,0.9130434782608695,normal,
55854618,shape,positive,negative,-6.59000607332064,1.9502583281250372,2.2465930637394815,0.0988478224714792,0.3728085596058741,25,0.92,normal,
55854618,emotion,positive,negative,-7.963246219368792,1.601848753296674,4.498915591577969,-0.16561505734820084,0.3038720944166876,25,1.0,normal,
55854618,emotion,negative,positive,7.913367519490229,1.2467486101692575,3.5151577766876447,-0.37174189693715276,0.22356524404076475,25,1.0,normal,
55854618,emotion,negative,negative,-3.4538243187264905,1.5638051134495774,1.3724157907890309,-0.03550338978982339,0.37315009077587025,23,0.8695652173913043,normal,
55854618,emotion,positive,positive,6.38382374735571,1.7659287136731843,1.9557678234484204,-0.16577423563453667,0.3456250881798461,23,0.9565217391304348,normal,
