subj_idx,induction,prime_valence,target_valence,v,sigma,a,x0,nondectime,n_trials,accuracy,group,error
55868471,shape,negative,negative,-4.6416288707281605,1.6874805953249505,1.669882244456527,-0.18516608627443554,0.25178843004738816,24,0.9583333333333334,normal,
55868471,shape,positive,positive,5.198115152607764,1.576720909084149,1.7562046818861847,-0.09253559151352907,0.20074474484999205,24,0.9583333333333334,normal,
55868471,shape,positive,negative,-5.6124352322257,1.3859556874574053,1.6699998982915694,0.5201526992824951,0.20047120758527948,24,0.9166666666666666,normal,
55868471,shape,negative,positive,5.58033939882996,1.8374610875361321,2.9600000508201068,0.5741573416376999,0.318236261354118,24,0.9583333333333334,normal,
55868471,emotion,positive,negative,-5.3925427669576935,0.860232970823693,2.1149402323555595,-0.06396453282729367,0.208289244104822,26,1.0,normal,
55868471,emotion,positive,positive,3.562634276689915,1.2324846553934836,1.2736637912172233,0.05788310085306061,0.26008227745502605,22,0.9545454545454546,normal,
55868471,emotion,negative,positive,7.007765996861322,1.1932219562887987,3.248391497620827,0.04073980581956238,0.20260376262066604,26,1.0,normal,
55868471,emotion,negative,negative,-1.5116415160666534,0.6478410716794996,1.440630897895939,-0.5711397357946021,0.2005480731761976,22,1.0,normal,
