subj_idx,induction,prime_valence,target_valence,v,sigma,a,x0,nondectime,n_trials,accuracy,group,error
56346638,shape,negative,positive,7.704401234071149,1.717983270950175,4.920000040959472,0.1383554131294326,0.40579925627719815,21,1.0,depression,
56346638,shape,negative,negative,-3.3247469720629743,1.2469093818580752,5.174687630769723,-0.4157973286563269,0.3344449020877021,27,1.0,depression,
56346638,shape,positive,positive,3.1578143757812276,1.7301376554274714,5.244648331611706,0.5187324421414485,0.31997400667733705,27,1.0,depression,
56346638,shape,positive,negative,-1.7295115436685575,0.6399631305798449,1.6808508453549222,-0.27017263049753326,0.3715545330236186,21,1.0,depression,
56346638,emotion,positive,negative,-2.365062053706587,1.7134373475420808,2.6223555428749337,-0.3203735872798099,0.3994451799388378,22,0.9545454545454546,depression,
56346638,emotion,negative,positive,6.291633116228196,1.4598412541454195,4.603514401563968,0.14113968663787474,0.33851489584304534,23,1.0,depression,
56346638,emotion,negative,negative,-7.055624016939933,1.8434300618587793,5.597095301578686,0.2208525778165888,0.20037664403084504,25,1.0,depression,
56346638,emotion,positive,positive,4.464958964396286,1.6235161560903095,2.2768509502082654,-0.13050239079283982,0.3586041247331114,25,0.96,depression,
