subj_idx,induction,prime_valence,target_valence,v,sigma,a,x0,nondectime,n_trials,accuracy,group,error
56346638,shape,positive,positive,1.64808242507442,0.906798276151915,2.9505373516370494,0.5563462483166,0.3204782438520116,27,1.0,depression,
56346638,shape,negative,negative,-3.46978123468844,1.2956029550880188,3.7908702542538317,-0.16405378979192506,0.3327849716725666,27,1.0,depression,
56346638,shape,positive,negative,-3.6970510572381023,1.359784181899617,3.779763653326783,-0.3031671485215897,0.3692850421260405,21,1.0,depression,
56346638,shape,negative,positive,7.534052231345405,1.7295113671107287,5.415440471044336,0.2628133167078139,0.4159301244154993,21,1.0,depression,
56346638,emotion,negative,negative,-2.723763225251903,0.7119442619957482,3.543674164486068,-0.25541229803395954,0.20073649294882553,25,1.0,depression,
56346638,emotion,positive,negative,-2.0127926159050755,1.453610459057096,2.2189841179652303,-0.3177523856581201,0.39922014403586037,22,0.9545454545454546,depression,
56346638,emotion,negative,positive,3.1763602810990808,0.746104754014941,3.6900272648549386,0.47009663667894536,0.34395935589235926,23,1.0,depression,
56346638,emotion,positive,positive,5.36098502691547,1.9349682782979296,2.702078691137989,-0.1414857041782029,0.3586165035938055,25,0.96,depression,
