subj_idx,induction,prime_valence,target_valence,v,sigma,a,x0,nondectime,n_trials,accuracy,group,error
55774247,shape,negative,positive,4.559836888351864,1.8783920333550062,2.55333606199084,0.13539086785747217,0.38615958618424107,24,0.9583333333333334,normal,
55774247,shape,negative,negative,-4.0971142164993495,1.7827409853219742,1.9877194914373149,-0.007838255441408315,0.36263262125680995,24,0.9166666666666666,normal,
55774247,shape,positive,positive,5.177051480347148,1.777928639542869,4.465045720324156,0.46288728714392036,0.3650333577758701,24,1.0,normal,
55774247,shape,positive,negative,-4.2612080841593265,1.1063346958418452,2.175294919041764,0.6260684313257925,0.2445710447247082,24,0.9583333333333334,normal,
55774247,emotion,positive,negative,-6.143319918640107,0.9864640220720337,3.220066854503883,0.40145462812722754,0.20459510920205043,24,1.0,normal,
55774247,emotion,negative,positive,7.326331353736916,1.849608811951437,3.6850786525094943,-0.7578080081974083,0.20435167470049864,24,0.875,normal,
55774247,emotion,negative,negative,-6.726728570020599,1.3482571533494578,2.3923751393588986,-0.04135962282214283,0.326245916081044,24,1.0,normal,
55774247,emotion,positive,positive,4.403250639912172,1.9087512500387849,5.7746703903300025,0.5465450630348864,0.24878290747770823,24,1.0,normal,
