subj_idx,induction,prime_valence,target_valence,v,sigma,a,x0,nondectime,n_trials,accuracy,group,error
56020297,shape,positive,positive,2.0017675041285687,0.8031544240986718,4.599999995592154,0.7547400968902317,0.34138886716602507,22,1.0,normal,
56020297,shape,negative,negative,-6.593517023233261,1.8855953561903096,5.899594787993683,-0.07126976534513994,0.20066089845977564,22,1.0,normal,
56020297,shape,positive,negative,-0.9995371390179786,0.793591634413823,4.323049540289081,-0.8286554160536925,0.4595804629526932,26,1.0,normal,
56020297,shape,negative,positive,3.756991177872056,1.7043908096182914,5.450000035772271,0.46114564891761795,0.26160241393560585,26,1.0,normal,
56020297,emotion,negative,negative,-2.0778717581815394,1.4026594957506822,2.559246337025548,-0.16852614305831792,0.20078686821227612,26,0.9615384615384616,normal,
56020297,emotion,positive,negative,-6.1139400281626015,1.6194369247346108,4.5919703919143355,-0.013178371221165408,0.23859209318856847,22,1.0,normal,
56020297,emotion,negative,positive,2.8371359827433693,1.3959777091188477,5.287082836197325,0.6987374031401878,0.35281652870211594,22,1.0,normal,
56020297,emotion,positive,positive,1.4063606088535932,0.8847077705105094,3.405098853420136,0.6636137230304733,0.27673037112584853,26,1.0,normal,
