subj_idx,induction,prime_valence,target_valence,v,sigma,a,x0,nondectime,n_trials,accuracy,group,error
55766121,shape,positive,positive,2.384053931185341,1.567833083656459,2.6566438803137777,0.0671690834022473,0.5926604670066955,22,0.9545454545454546,normal,
55766121,shape,negative,negative,-2.7644228921088145,1.2085692409178248,5.232658105052923,-0.24285882275581117,0.24237159622844962,25,1.0,normal,
55766121,shape,positive,negative,-1.1892769098643123,1.0187094004808024,4.574533961337995,-0.5863473350140437,0.406194615024829,23,1.0,normal,
55766121,shape,negative,positive,2.4238120937499166,1.8044314167601028,3.8372745296364763,-0.01689454287147134,0.5512595328994903,19,0.9473684210526315,normal,
55766121,emotion,negative,negative,-2.112922886600928,1.402619982165632,5.327957391947324,-0.37311716766454056,0.35047586374935935,28,1.0,normal,
55766121,emotion,positive,negative,-2.2400135022468914,1.5182512096770509,4.826324270525551,-0.42960678779870126,0.417453285047708,19,1.0,normal,
55766121,emotion,negative,positive,2.3303262016092567,1.530444181488812,5.529999589692988,0.6335117997489792,0.4659335160872053,20,1.0,normal,
55766121,emotion,positive,positive,2.581234833307065,1.477392690692319,5.769376742778663,0.21883935405897775,0.2705396681704064,27,1.0,normal,
