subj_idx,induction,prime_valence,target_valence,v,sigma,a,x0,nondectime,n_trials,accuracy,group,error
55864604,shape,negative,negative,-5.316998884837142,1.5682200736770089,5.9292517211191615,0.028603325356918542,0.21270041153616587,23,1.0,normal,
55864604,shape,positive,positive,3.490929998456019,1.2881622211713888,5.43999988153821,0.7867704645109473,0.316096262966129,23,1.0,normal,
55864604,shape,positive,negative,-2.3096092254164278,1.8446108111061166,3.0110678898134613,-0.4631396591212518,0.4336474064397943,23,0.9565217391304348,normal,
55864604,shape,negative,positive,6.867809845577624,1.3570919420797372,5.220691333030583,-0.06665228123655015,0.20625402271934135,25,1.0,normal,
55864604,emotion,positive,negative,-2.9462424257443716,1.7796352627416931,3.2005175483044757,-0.1798330686909685,0.37570537689397443,25,0.92,normal,
55864604,emotion,positive,positive,2.5881376766935205,1.663106435528797,2.545333422525168,0.20012104351507243,0.2468488772616994,23,0.9565217391304348,normal,
55864604,emotion,negative,positive,3.8190599998798396,1.8909255352193948,2.3664732417249748,0.17719074701211052,0.3343023461567512,25,0.96,normal,
55864604,emotion,negative,negative,-2.2639651320728316,1.5238435720533667,2.450000000674338,-0.09098680551974425,0.3703684003462037,22,0.9545454545454546,normal,
