subj_idx,induction,prime_valence,target_valence,v,sigma,a,x0,nondectime,n_trials,accuracy,group,error
55928394,shape,negative,positive,2.6706114864271053,1.8129728466243717,2.7539787564387286,0.2605444511875044,0.3693972264689004,26,0.9615384615384616,normal,
55928394,shape,negative,negative,-3.557521590649049,1.9708801714198747,5.151978118361471,-0.6219629235978884,0.46348431807151086,22,1.0,normal,
55928394,shape,positive,positive,2.341474220087859,1.639851757387835,2.6457161195974717,-0.003945275043421304,0.2599736781983326,21,0.9047619047619048,normal,
55928394,shape,positive,negative,-3.7287238030532435,0.9151171040718798,3.6360863080914485,-0.2055672638012802,0.3257941938457841,26,1.0,normal,
55928394,emotion,positive,negative,-3.312704830351189,1.018949415922216,2.3058534391674024,-0.12015535042706406,0.32880652352900624,26,1.0,normal,
55928394,emotion,negative,positive,1.608859323679983,0.5938157624366687,2.479832380230976,0.3774030014421852,0.20092965360144927,27,1.0,normal,
55928394,emotion,negative,negative,-4.681331594296646,1.935096343548491,5.223907824960173,-0.43584397024377153,0.34168903217847757,21,1.0,normal,
55928394,emotion,positive,positive,3.7420055086467183,1.6539457736702023,3.007720017824031,-0.19555597392722832,0.2242140131092685,21,0.9523809523809523,normal,
