subj_idx,induction,prime_valence,target_valence,v,sigma,a,x0,nondectime,n_trials,accuracy,group,error
56352066,shape,negative,negative,-1.9073511351534025,0.8736103205176322,2.849614044309058,-0.5017862679465166,0.4445712921150922,25,1.0,depression,
56352066,shape,positive,positive,6.302631563901453,1.3417447230122135,5.075970198840847,-0.1397627623479722,0.24493531866035972,28,1.0,depression,
56352066,shape,positive,negative,-2.8748466438753066,0.976623934305847,4.374607826829207,-0.24852871154968165,0.2876352775642288,20,1.0,depression,
56352066,shape,negative,positive,4.670786350326887,1.7226834185382258,4.7980299149446175,0.1880707579699435,0.3581966271673991,19,1.0,depression,
56352066,emotion,positive,negative,-4.041184057271121,1.5522129214773914,2.7977485757888356,0.2584766116570973,0.30130045875358147,26,0.9615384615384616,depression,
56352066,emotion,positive,positive,3.7006746993220108,1.7437116777442525,4.35999999648534,0.5101664332447342,0.4285801876910298,20,1.0,depression,
56352066,emotion,negative,positive,3.988887199659822,1.625435234301108,5.71847994575482,0.23958031964577206,0.25652030694705696,25,1.0,depression,
56352066,emotion,negative,negative,-3.7218906911988445,1.8476517411861555,6.0,-0.5344307315897954,0.3532134659693053,21,1.0,depression,
