subj_idx,induction,prime_valence,target_valence,v,sigma,a,x0,nondectime,n_trials,accuracy,group,error
55777851,shape,negative,positive,3.5371111644824076,1.2049493859836091,2.5303706905460848,0.5681612244418802,0.31782819708752685,22,0.9545454545454546,normal,
55777851,shape,negative,negative,-5.30830799972356,1.7503413635162142,4.119497810606839,-0.4633394536078331,0.3150578272335987,26,1.0,normal,
55777851,shape,positive,positive,2.2548632747772412,1.3318925073344305,1.7599999753876678,0.3393867171636227,0.2873056349266179,26,0.9615384615384616,normal,
55777851,shape,positive,negative,-4.819703556279848,1.6492661893974105,2.7152715351201246,0.5071743147868445,0.200499033255478,22,0.9545454545454546,normal,
55777851,emotion,positive,negative,-6.657706280017324,1.2829257205728521,2.6278058272633418,0.7566792478168786,0.20075413522507676,23,0.9565217391304348,normal,
55777851,emotion,negative,positive,6.830825586421395,1.7344398560222878,2.4092030254886185,0.3920991451329009,0.34615528311796856,23,1.0,normal,
55777851,emotion,negative,negative,-4.676082261858255,1.5041932804786244,4.349720789370932,-0.2484523015829254,0.20096273080543897,25,1.0,normal,
55777851,emotion,positive,positive,2.550295636932375,1.2698462868007174,4.140091933197334,0.7665628206124855,0.29839102222137215,25,1.0,normal,
