subj_idx,induction,prime_valence,target_valence,v,sigma,a,x0,nondectime,n_trials,accuracy,group,error
55776021,shape,positive,positive,5.636596890982645,1.4955107605109537,5.573153650275739,0.6216739419310612,0.3649985990847844,23,1.0,normal,
55776021,shape,negative,negative,-5.439759091022111,1.982979221985057,5.563267565104807,-0.2969505392635168,0.3520429715486542,23,1.0,normal,
55776021,shape,positive,negative,-6.78881336962956,1.8112847543110957,5.920685717158305,-0.12898770946798385,0.2391156324155646,25,1.0,normal,
55776021,shape,negative,positive,2.7054632190188252,1.0074166349661666,2.8463594749287875,0.46349644629861597,0.35905627248976524,25,1.0,normal,
55776021,emotion,negative,negative,-3.872194948638963,1.4177474493705968,3.9604246444058573,-0.3702501249132029,0.34601319118492213,28,1.0,normal,
55776021,emotion,positive,negative,-5.05882122507563,1.7519967438049595,2.9658497978178175,-0.3855422984307324,0.4003756287453495,20,1.0,normal,
55776021,emotion,negative,positive,3.644060185694801,1.5989994595214896,4.920000001626808,0.5168848286172887,0.3095524495878587,20,1.0,normal,
55776021,emotion,positive,positive,1.9718583161949639,0.6220525869368985,3.0869988722901383,0.5376236881554066,0.2787829761651126,28,1.0,normal,
