subj_idx,induction,prime_valence,target_valence,v,sigma,a,x0,nondectime,n_trials,accuracy,group,error
55776021,shape,negative,positive,4.123513119786894,1.517345799099001,3.273774051704403,0.2782133543754677,0.3565889312795592,25,1.0,normal,
55776021,shape,negative,negative,-5.067722269290399,1.810529796299253,5.538706861545192,-0.32907169172480416,0.3455428118182667,23,1.0,normal,
55776021,shape,positive,positive,3.280900162432827,0.86080291711189,2.860001037023966,0.5671627035807503,0.3625838079803887,23,1.0,normal,
55776021,shape,positive,negative,-5.972682844109374,1.5965999551588628,5.039999945579748,-0.10296176057826233,0.24064357313068427,25,1.0,normal,
55776021,emotion,positive,negative,-5.163342068731101,1.8808602492438045,5.280688861432783,-0.6524823432328505,0.4048027206576048,20,1.0,normal,
55776021,emotion,negative,positive,3.1127449429800063,1.3526224075887008,3.8266123260681466,0.4660976732909559,0.3079819294952672,20,1.0,normal,
55776021,emotion,negative,negative,-1.811980543758228,0.6715523676453412,2.8378065367138037,-0.5942262468877108,0.3499801164748694,28,1.0,normal,
55776021,emotion,positive,positive,4.738248704128122,1.4979527428825101,4.191899636603668,0.1846007058650933,0.2795976655970156,28,1.0,normal,
