subj_idx,induction,prime_valence,target_valence,v,sigma,a,x0,nondectime,n_trials,accuracy,group,error
56362338,shape,positive,positive,5.206190287472223,1.491079103416179,3.9611584689523847,0.0536649769137967,0.20219014118399173,23,1.0,depression,
56362338,shape,negative,negative,-6.78062548726344,1.7259821264012771,3.509999969451257,-0.22369306052473226,0.32329657383233784,23,1.0,depression,
56362338,shape,positive,negative,-5.3232851060113955,1.4367681269197454,5.67595069422279,-0.21938404801990424,0.20194812170323617,25,1.0,depression,
56362338,shape,negative,positive,5.070255886178162,1.7487805178468505,4.429999945624055,0.3984667903388553,0.3651041360713805,25,1.0,depression,
56362338,emotion,negative,negative,-3.003964151639545,1.0389655446383628,3.9573326177506605,-0.317953353023919,0.20035848135297524,29,1.0,depression,
56362338,emotion,positive,negative,-4.025777343753216,1.931378396802058,5.107413649523318,-0.691686172324464,0.41138783905578086,19,1.0,depression,
56362338,emotion,negative,positive,6.493306449447171,1.9223965808473198,4.956940409376518,0.43620194642570415,0.37222035554517513,19,1.0,depression,
56362338,emotion,positive,positive,3.628873330398518,1.6701413290191605,4.896864178869698,0.5178074163374763,0.3000468725276667,28,1.0,depression,
