subj_idx,induction,prime_valence,target_valence,v,sigma,a,x0,nondectime,n_trials,accuracy,group,error
55866572,shape,negative,negative,-3.873690510748622,1.3686156278568793,1.7266879462782176,0.19055419315940422,0.3771821841349901,26,0.9230769230769231,normal,
55866572,shape,positive,positive,5.624475459594174,1.2046926474494994,3.407669607613906,0.18991422188626234,0.2814423360596307,26,1.0,normal,
55866572,shape,positive,negative,-5.884143994912077,1.650237894111263,4.228983328281279,-0.4875155135937705,0.37884657392304966,22,1.0,normal,
55866572,shape,negative,positive,4.469945022025655,1.5457572337995644,1.953483124315412,-0.2133229459198331,0.350928490578194,22,0.9545454545454546,normal,
55866572,emotion,positive,negative,-7.663947216658698,1.3904213281994542,4.565126540826993,-0.059351012346326594,0.23511712699267706,24,1.0,normal,
55866572,emotion,positive,positive,2.8253142928755235,1.5252158530880762,5.612525975099129,0.8087121401176981,0.3927253010199938,24,1.0,normal,
55866572,emotion,negative,positive,6.941658149948524,1.4826650794103653,4.901428014251268,0.5495228987978928,0.34623482818588025,24,1.0,normal,
55866572,emotion,negative,negative,-6.198098411526832,1.7293002434766969,2.033222993020805,0.19274817289376345,0.37271592595701986,24,0.9583333333333334,normal,
