subj_idx,induction,prime_valence,target_valence,v,sigma,a,x0,nondectime,n_trials,accuracy,group,error
55850187,shape,negative,positive,3.4320621555865403,0.6640632444125237,4.96650523839591,0.5728400850496279,0.24984719608585773,23,0.9565217391304348,normal,
55850187,shape,negative,negative,-2.41450919987965,1.4967193001069297,1.9199998745641205,-0.4823276879041622,0.3918553794919011,25,0.96,normal,
55850187,shape,positive,positive,5.202560444346705,0.9567392574032516,4.079999983343676,0.3065007299786307,0.2232005130766158,25,1.0,normal,
55850187,shape,positive,negative,-4.70475554390236,1.7324406793371865,3.7840722736622063,-0.48318889537823057,0.3747835802436466,23,1.0,normal,
55850187,emotion,positive,negative,-1.8624823262445815,1.47157333241921,1.8459135509837987,-0.5451649111753587,0.42740864851830546,19,0.9473684210526315,normal,
55850187,emotion,negative,positive,7.8642002370277515,1.106254781102196,4.197347580282122,-0.01751160387763361,0.2066543206642182,19,1.0,normal,
55850187,emotion,negative,negative,-4.036249671878471,1.769990686951149,2.2224285060881903,-0.24126461765469742,0.3645610494431825,29,0.9655172413793104,normal,
55850187,emotion,positive,positive,7.4260892689316185,0.9975862881525416,4.1354070083668635,0.32542219135144373,0.24127854653389758,29,1.0,normal,
