subj_idx,induction,prime_valence,target_valence,v,sigma,a,x0,nondectime,n_trials,accuracy,group,error
56343776,shape,negative,negative,-1.0270682071874935,1.459750263124777,4.992144518699492,-0.8741784972503538,0.20091777375198427,25,1.0,depression,
56343776,shape,positive,positive,0.9103233791668666,1.717860237985191,2.5967646849710415,0.48440541316881075,0.20211782887815033,25,0.92,depression,
56343776,shape,positive,negative,-7.036588584177263,1.793775142450426,3.7029350574087156,0.8302064681586586,0.21642440229786372,22,0.45454545454545453,depression,
56343776,shape,negative,positive,3.005852480743082,1.6865266648519475,2.499999924099387,-0.7510562387686172,0.20089887295308512,22,0.4090909090909091,depression,
56343776,emotion,positive,negative,-0.44318100451355286,1.7066691502523539,2.7779191468898494,-0.5266736706671276,0.3301781627817223,22,0.6818181818181818,depression,
56343776,emotion,positive,positive,2.7630367586757867,1.2818978240047025,2.491432578341113,0.21855846461327202,0.2026266041809321,25,1.0,depression,
56343776,emotion,negative,positive,1.9532169934561543,1.596093345500445,2.0923889840085192,-0.28111380374978007,0.20770347072244164,23,0.5652173913043478,depression,
56343776,emotion,negative,negative,-2.11491564586689,1.0080767856863033,1.5758933198346532,0.2660355755027653,0.2005574454839102,25,0.92,depression,
