subj_idx,induction,prime_valence,target_valence,v,sigma,a,x0,nondectime,n_trials,accuracy,group,error
55768880,shape,positive,positive,1.783567561830116,1.0923254311171642,4.304445717219192,0.6034758406038729,0.3897158792421834,29,1.0,normal,
55768880,shape,negative,negative,-4.808115241698048,1.1766168170673346,3.91382492244537,0.28442495285455827,0.2516279925308975,28,1.0,normal,
55768880,shape,positive,negative,-2.5768719444161285,1.5133337414633632,5.821791090873328,-0.5191911768210594,0.42476418030244045,17,1.0,normal,
55768880,shape,negative,positive,4.408827118198446,0.7541425566764501,5.363891521756294,0.1182868039443896,0.2027939348446095,19,1.0,normal,
55768880,emotion,negative,negative,-2.6359746040214542,1.242476493599432,1.64525535397612,-0.12526848245715813,0.44908865072041126,20,0.95,normal,
55768880,emotion,positive,negative,-4.066182665853559,1.5021651384864882,4.383148172075121,-0.4013668624910654,0.39865582501205465,27,1.0,normal,
55768880,emotion,negative,positive,5.1310821556195565,1.966203154042707,3.235381425157472,0.5255742806105381,0.4916498522986891,27,1.0,normal,
55768880,emotion,positive,positive,1.9536889780614448,1.6416984725166164,4.421392881319269,0.7766575441510786,0.43630086770895127,21,1.0,normal,
