subj_idx,induction,prime_valence,target_valence,v,sigma,a,x0,nondectime,n_trials,accuracy,group,error
55781652,shape,negative,positive,2.731640208061412,0.859825594973861,1.6757750980175008,-0.5143707181843818,0.201366882755601,26,0.9230769230769231,normal,
55781652,shape,negative,negative,-5.189845084078167,1.8800783038623619,3.150209991590348,0.2944004648497383,0.3181205670287698,22,0.9545454545454546,normal,
55781652,shape,positive,positive,3.28893150353642,1.7043819159793574,3.866682746368432,0.613985591122179,0.40683550656440626,22,1.0,normal,
55781652,shape,positive,negative,-6.922000790231556,1.874294792299646,3.9519605426770616,0.7478617569498931,0.20076789880140894,26,0.9230769230769231,normal,
55781652,emotion,positive,negative,-2.9438524339394077,1.4477724907689682,2.324481897253554,-0.055225895494059686,0.3425904656082073,24,0.9583333333333334,normal,
55781652,emotion,negative,positive,6.756384820550775,1.628923156645132,5.396408662816483,-0.11374049375646304,0.23824556472889197,24,1.0,normal,
55781652,emotion,negative,negative,-4.973335085357768,1.6543937720734954,2.133053003664761,0.2804258659494937,0.34131784905245816,24,0.9166666666666666,normal,
55781652,emotion,positive,positive,5.874735517019294,1.8800295302049639,2.691920610777824,-0.262760820514142,0.29873046931238373,24,0.9583333333333334,normal,
