subj_idx,induction,prime_valence,target_valence,v,sigma,a,x0,nondectime,n_trials,accuracy,group,error
55949248,shape,positive,positive,4.187636515897972,1.5496743888903246,5.099999992665156,0.4988416709092644,0.20079642119386945,23,1.0,normal,
55949248,shape,negative,negative,-2.8839782261545794,1.9490855401782659,2.8227773931464673,-0.13377574085313823,0.34718683389602434,23,0.9130434782608695,normal,
55949248,shape,positive,negative,-2.914288689760512,1.6241247372336185,2.5759363173485803,-0.288119904843727,0.35315383451709703,25,0.96,normal,
55949248,shape,negative,positive,1.5855084801562125,0.6990870369432105,2.468791093817165,0.5375660517680229,0.22555807833392985,25,1.0,normal,
55949248,emotion,negative,negative,-3.1633343539631977,1.875451480289613,3.0537542574958545,-0.1496795078085151,0.20036742529486778,26,0.9615384615384616,normal,
55949248,emotion,positive,negative,-4.004338763014568,1.034584600289378,2.1500000136616424,-0.28438043417854747,0.35483203994992024,22,1.0,normal,
55949248,emotion,negative,positive,5.333156846943053,0.6621430617841573,5.202397515076867,0.5022071424763468,0.23299826365511345,22,1.0,normal,
55949248,emotion,positive,positive,2.731979214015574,0.6171596492346072,2.687526192810295,0.5433658438633862,0.21588769292781315,26,1.0,normal,
