subj_idx,induction,prime_valence,target_valence,v,sigma,a,x0,nondectime,n_trials,accuracy,group,error
55774247,shape,positive,positive,5.15401219171283,1.7602173129915812,3.655328079330345,0.34155690226496316,0.3649023700275096,24,1.0,normal,
55774247,shape,negative,negative,-4.318245256890454,1.8890017816865288,2.095293637584836,-0.010324788678845521,0.3639380795839549,24,0.9166666666666666,normal,
55774247,shape,positive,negative,-6.185948368982807,1.622234826882776,3.1499998322182807,0.6167621907476111,0.2470253021402486,24,0.9583333333333334,normal,
55774247,shape,negative,positive,4.5468706651414585,1.8735856825893697,2.4853349262726008,0.13735288240370105,0.39052527221724437,24,0.9583333333333334,normal,
55774247,emotion,negative,negative,-7.590959243897065,1.4515873177523186,3.5782844553398503,-0.23342042631381257,0.3160302393589514,24,1.0,normal,
55774247,emotion,positive,negative,-6.5017154318952635,1.0470088261272728,3.5600025615368756,0.33627928450952055,0.20444909553939827,24,1.0,normal,
55774247,emotion,negative,positive,7.204263400220537,1.8272344869116726,3.6354331486016136,-0.758097673925402,0.20460983384856915,24,0.875,normal,
55774247,emotion,positive,positive,3.691355187947899,1.600000867246607,4.799999866442469,0.5421129619543441,0.24807020980440994,24,1.0,normal,
