subj_idx,induction,prime_valence,target_valence,v,sigma,a,x0,nondectime,n_trials,accuracy,group,error
55936390,shape,negative,positive,7.512242989430813,0.9232969910086578,1.7994829036499103,-0.8428536371769024,0.23439158397706686,21,0.9047619047619048,normal,
55936390,shape,negative,negative,-3.5829752709332525,1.0663491229757016,1.3555215669681917,0.20544787183244864,0.20033112616243023,27,0.9629629629629629,normal,
55936390,shape,positive,positive,5.475965591182392,1.7243739786349657,1.484165875304462,-0.07090792012826638,0.26065171063351855,27,0.9259259259259259,normal,
55936390,shape,positive,negative,-2.1346956930160514,0.633516961877226,2.9100924490479123,-0.7129588756377204,0.31944053859044397,21,1.0,normal,
55936390,emotion,positive,negative,-7.0664536312437605,1.3548497322129103,2.102651823623375,0.5691829003989161,0.22125550853288029,23,0.9130434782608695,normal,
55936390,emotion,negative,positive,7.357697122245194,1.2885414310944363,1.3508908013010374,-0.4113037830565257,0.3051966468336677,23,0.9565217391304348,normal,
55936390,emotion,negative,negative,-5.554372624223195,1.8617389589771083,2.269999992343463,0.0429424678743622,0.2428005664232544,25,0.96,normal,
55936390,emotion,positive,positive,7.219147193615886,1.7161335489198797,4.26999995452867,0.41087849894510337,0.20038005737593362,25,1.0,normal,
