subj_idx,induction,prime_valence,target_valence,v,sigma,a,x0,nondectime,n_trials,accuracy,group,error
55779767,shape,negative,positive,2.2213432255093384,1.2128974242424726,4.470133323769061,0.6028845924196811,0.3481224523169425,19,1.0,normal,
55779767,shape,negative,negative,-3.853999912097754,1.7646790651510278,3.1781492118502284,0.01497693978084833,0.2518543723731427,29,0.9655172413793104,normal,
55779767,shape,positive,positive,3.278975847083883,1.175779056691228,3.6674370564616847,0.4423628231047103,0.2832602707894971,29,1.0,normal,
55779767,shape,positive,negative,-2.8238104105474156,1.3142696272923104,4.75353234107034,-0.6086382535035781,0.3603001037293302,19,1.0,normal,
55779767,emotion,positive,negative,-1.4388718248084778,1.8457164158238692,3.4474654194480454,-0.662805846261454,0.49484006537955283,20,0.95,normal,
55779767,emotion,negative,positive,5.473947039202015,1.8055869108115004,4.2500489243299,0.32622125509170324,0.31369964829537833,20,1.0,normal,
55779767,emotion,negative,negative,-4.684743535045156,1.882176496878526,5.349999992939939,-0.47919292063258656,0.365416484012466,28,1.0,normal,
55779767,emotion,positive,positive,3.1163480688834815,1.9147721175487897,2.6643165137175413,0.411585804710209,0.3671031644663635,28,0.9642857142857143,normal,
