subj_idx,induction,prime_valence,target_valence,v,sigma,a,x0,nondectime,n_trials,accuracy,group,error
56352066,shape,positive,positive,7.157422350351779,1.5068119282413548,5.662501474533277,-0.1572092167667405,0.24544499347674695,28,1.0,depression,
56352066,shape,negative,negative,-2.276537467446068,1.6190061981499506,5.998633750419427,-0.6503797488353218,0.46434262580257746,27,1.0,depression,
56352066,shape,positive,negative,-4.834345188769011,1.63753036535606,5.804759559892846,-0.043990771447536874,0.28504060141277815,20,1.0,depression,
56352066,shape,negative,positive,1.9470570795213207,1.221562704328045,4.759998096146752,0.6399174968881722,0.4223942792719171,20,1.0,depression,
56352066,emotion,negative,negative,-1.8432575838194216,1.2051644986337253,5.7621953109321105,-0.726117965150933,0.36617227872746977,22,1.0,depression,
56352066,emotion,positive,negative,-4.9299826765694785,1.8921769749455744,3.4336475447154733,0.25726037596715995,0.29949583323120743,26,0.9615384615384616,depression,
56352066,emotion,negative,positive,4.282078584374173,1.73877581653998,5.984407935790561,0.21757097732982517,0.25438442291038577,25,1.0,depression,
56352066,emotion,positive,positive,1.936412494198962,1.3451983499365245,4.824248916580677,0.7154708315410852,0.43934749971129883,21,1.0,depression,
