subj_idx,induction,prime_valence,target_valence,v,sigma,a,x0,nondectime,n_trials,accuracy,group,error
55949248,shape,negative,positive,3.8213857991397866,1.6944268665102349,5.4905925014715296,0.4984078223739871,0.229095579542028,25,1.0,normal,
55949248,shape,negative,negative,-2.2188439588302455,1.4790356291281996,2.1386635516475483,-0.11722304905386784,0.3460058728559899,23,0.9130434782608695,normal,
55949248,shape,positive,positive,4.372296272160302,1.601191685462878,3.826902806848934,0.3055512953577188,0.2007947772568067,23,1.0,normal,
55949248,shape,positive,negative,-3.6066376251543604,1.947728074425256,3.038313287047632,-0.25476983266988323,0.3504746759396683,25,0.96,normal,
55949248,emotion,positive,negative,-5.848637179430253,1.5430332681566963,3.0899999881000637,-0.2896914192681807,0.35890019394260264,22,1.0,normal,
55949248,emotion,negative,positive,6.900432349438629,0.874083481181737,2.599064026999929,-0.24861886420853588,0.24097314368710754,22,1.0,normal,
55949248,emotion,negative,negative,-3.177524567209496,1.875034071473561,3.0326832302460103,-0.14036359289205882,0.20085032766407337,26,0.9615384615384616,normal,
55949248,emotion,positive,positive,7.408611677591845,1.6834162013363452,3.4370139096677397,0.043669615466319825,0.21897048607456582,26,1.0,normal,
