subj_idx,induction,prime_valence,target_valence,v,sigma,a,x0,nondectime,n_trials,accuracy,group,error
56358294,shape,positive,positive,1.9177319960917452,1.3783483080241876,4.809999983365881,0.6196238063397989,0.30841195249416753,21,1.0,depression,
56358294,shape,negative,negative,-2.9895944385352915,1.799384205985412,3.1155368890296313,0.08084490884222294,0.2562585373026483,21,0.9523809523809523,depression,
56358294,shape,positive,negative,-1.1112114688938264,0.7993677541476142,2.7997824136774256,-0.6482462176111599,0.35166929608539726,27,1.0,depression,
56358294,shape,negative,positive,1.7432189805979537,0.7901171804443632,4.733183351883739,0.7632564831842114,0.2969937995519357,26,1.0,depression,
56358294,emotion,negative,negative,-2.444464889353879,1.6681757153982701,5.61400064276257,-0.6793844723875221,0.40998957348211673,28,1.0,depression,
56358294,emotion,positive,negative,-2.7433311699545593,1.6350040267337884,5.128765379201909,-0.6593413336387635,0.3918586640433617,20,1.0,depression,
56358294,emotion,negative,positive,0.8827988695517435,0.6711422805142642,2.994081965195794,0.7499529446859595,0.31799087339887727,20,1.0,depression,
56358294,emotion,positive,positive,2.8428318042184415,1.3605880110039097,4.790964283660258,0.3824133844550167,0.20021453960504038,28,1.0,depression,
