subj_idx,induction,prime_valence,target_valence,v,sigma,a,x0,nondectime,n_trials,accuracy,group,error
55868471,shape,positive,positive,5.804565264133955,1.7390936317265837,1.9048469267822028,-0.11547337834857177,0.201866311406281,24,0.9583333333333334,normal,
55868471,shape,negative,negative,-2.597253576155093,0.9761579573947395,0.9607467533139346,-0.20682727245373733,0.25345056754582995,24,0.9583333333333334,normal,
55868471,shape,positive,negative,-5.560043367529803,1.3652773423052402,1.647364718158966,0.5260688416664259,0.20038129154111395,24,0.9166666666666666,normal,
55868471,shape,negative,positive,3.1554955182887396,1.0571767978361624,2.5365161903338125,0.7235921316534766,0.3190630041810144,24,0.9583333333333334,normal,
55868471,emotion,negative,negative,-4.456605731606926,1.9091364534060546,3.1332154927654385,-0.41725269478887705,0.20021156871947568,22,1.0,normal,
55868471,emotion,positive,negative,-5.522695190805362,0.8540415116830897,3.3099999038403833,-0.36072269549802816,0.20021218369242513,26,1.0,normal,
55868471,emotion,negative,positive,3.7807143089275077,0.6416489058477716,2.929968031713982,0.4262548520367413,0.20171327776892092,26,1.0,normal,
55868471,emotion,positive,positive,4.8817886598890965,1.679251762884086,1.7499882699840732,0.056719434435791215,0.2592394435980565,22,0.9545454545454546,normal,
