subj_idx,induction,prime_valence,target_valence,v,sigma,a,x0,nondectime,n_trials,accuracy,group,error
56362338,shape,negative,negative,-4.227125500185409,1.1058860137006965,5.100000018110942,-0.6746608176502572,0.32815096061220117,23,1.0,depression,
56362338,shape,positive,positive,5.582223205032991,1.6072776121827745,4.9899999068846554,0.19897437641435886,0.20422025920028444,23,1.0,depression,
56362338,shape,positive,negative,-6.438866018901056,1.7345456033532967,5.687286207469722,-0.05593307162041672,0.20045539713098318,25,1.0,depression,
56362338,shape,negative,positive,4.927922824158401,1.7428159254509532,5.776524011244009,0.5444216299859687,0.36551536417569985,25,1.0,depression,
56362338,emotion,positive,negative,-3.662358494355971,1.757028798755033,4.93153395935289,-0.7093000022174525,0.4118272884555454,19,1.0,depression,
56362338,emotion,positive,positive,3.4940375455747046,1.5866914855350516,4.690010068249012,0.5229821172970044,0.3014262834654882,28,1.0,depression,
56362338,emotion,negative,positive,6.410959120907656,1.8784561823862527,4.027732366318911,0.3090474029316715,0.3701666461044544,19,1.0,depression,
56362338,emotion,negative,negative,-3.561135264692848,1.2316715706722259,4.608034918590217,-0.3040854015762883,0.2002294096577173,29,1.0,depression,
