subj_idx,induction,prime_valence,target_valence,v,sigma,a,x0,nondectime,n_trials,accuracy,group,error
55949248,shape,negative,negative,-2.901107082246405,1.9768809577293271,2.8542335551295652,-0.1295740670266389,0.3476978482845935,23,0.9130434782608695,normal,
55949248,shape,positive,positive,3.6572464306807304,1.354574834990923,3.598185302245185,0.37874251977639994,0.20013088099403992,23,1.0,normal,
55949248,shape,positive,negative,-3.618926654177691,1.987477109775922,3.1197373494275533,-0.2709964160286656,0.35273269855840045,25,0.96,normal,
55949248,shape,negative,positive,3.604827244027938,1.6126716571907351,5.827614661855132,0.555152337699767,0.22933953364966952,25,1.0,normal,
55949248,emotion,positive,negative,-6.336467855497636,1.6435346607267984,3.2299999834071866,-0.251920714302086,0.3554241705571596,22,1.0,normal,
55949248,emotion,positive,positive,6.576827848662582,1.4615047624140727,5.854160195455571,0.4880833369988463,0.2128198982900278,26,1.0,normal,
55949248,emotion,negative,positive,7.434590563822508,0.9231070696989347,2.599490264224487,-0.3894516865085831,0.23231270598588358,22,1.0,normal,
55949248,emotion,negative,negative,-1.5062320689563886,0.8904206113788928,1.4438167467644805,-0.13797610793641044,0.20094151618317654,26,0.9615384615384616,normal,
