subj_idx,induction,prime_valence,target_valence,v,sigma,a,x0,nondectime,n_trials,accuracy,group,error
55951038,shape,negative,positive,3.2094113825105444,1.5715101470145059,4.310000131178057,0.6005924454299215,0.4049145073922386,25,1.0,normal,
55951038,shape,negative,negative,-3.537265189503702,0.9673987136922277,3.5899998772041135,-0.43276332551847907,0.3058931993148959,22,1.0,normal,
55951038,shape,positive,positive,6.872711013728364,1.4789484388404859,5.925474303410784,0.08477661205307925,0.20039496073056998,23,1.0,normal,
55951038,shape,positive,negative,-2.597188567908997,1.120482706441261,4.580450449241219,-0.6019227245608769,0.35566379399840653,24,1.0,normal,
55951038,emotion,positive,negative,-4.18439902963859,0.9115987406273395,2.495952392310015,0.14696035516198616,0.20329747499175915,26,1.0,normal,
55951038,emotion,negative,positive,2.4262844645627553,1.276549745631579,3.8846612318219966,0.697370019800443,0.34240387460215566,26,1.0,normal,
55951038,emotion,negative,negative,-4.765930298271906,1.8793346128378303,3.9959752771527945,-0.430729497698583,0.2901354103676665,22,1.0,normal,
55951038,emotion,positive,positive,3.063087213334942,1.0286046043638073,3.239642990602993,0.6919904709756535,0.3374321790692682,22,1.0,normal,
