subj_idx,induction,prime_valence,target_valence,v,sigma,a,x0,nondectime,n_trials,accuracy,group,error
55763117,shape,negative,positive,6.086058958521728,1.6280722837839066,1.5315004108978403,-0.11464794025290952,0.43115184801251283,24,0.9583333333333334,normal,
55763117,shape,negative,negative,-2.285718752385611,1.320726238397562,5.095199688779105,-0.6975292949460504,0.4375225800215792,23,1.0,normal,
55763117,shape,positive,positive,3.1493695272293394,1.093178662299355,2.4733050524482496,0.24466013227536118,0.24062777309100927,24,1.0,normal,
55763117,shape,positive,negative,-2.2566779597832785,1.1110812129303729,3.030671034735229,-0.5809767581021997,0.4283143567292962,23,1.0,normal,
55763117,emotion,positive,negative,-2.7123660209960327,1.933544475951003,3.3846927927526704,-0.26467387831058936,0.3264573269776247,20,0.95,normal,
55763117,emotion,negative,positive,6.863542439746421,0.8462360692143943,2.324299626458666,-0.5076971078682789,0.24291886153812792,20,1.0,normal,
55763117,emotion,negative,negative,-2.318102641951751,1.506112178849957,2.6643588979526025,0.011075199092232913,0.29081555877287324,26,0.9230769230769231,normal,
55763117,emotion,positive,positive,4.4200167224229565,0.5735456688317356,1.8067846829402079,-0.1688909790898535,0.2027877979767442,28,1.0,normal,
