subj_idx,induction,prime_valence,target_valence,v,sigma,a,x0,nondectime,n_trials,accuracy,group,error
56358294,shape,negative,positive,3.2171350592228385,1.4492767382978111,5.39999989934439,0.6150013614135769,0.29581065386579697,26,1.0,depression,
56358294,shape,negative,negative,-2.3720290378044124,1.4551049197001917,2.4940259423962114,0.06069839609609369,0.2628961225907983,21,0.9523809523809523,depression,
56358294,shape,positive,positive,4.606840878410905,1.7974025230798973,5.18474031347983,0.36831665377918044,0.2824588267106806,19,1.0,depression,
56358294,shape,positive,negative,-1.6187209346801608,1.1644492666311284,4.0628042069028085,-0.6472082358572959,0.351968749425676,27,1.0,depression,
56358294,emotion,positive,negative,-2.8098275376331006,0.9577956225710382,1.9388263206710794,-0.2118445928169335,0.3618847216131731,19,1.0,depression,
56358294,emotion,negative,positive,5.413897048126416,1.3640664506563704,3.474147988946188,0.013609770989227289,0.24525660193129056,18,1.0,depression,
56358294,emotion,negative,negative,-2.015648443682763,1.3659322980062396,3.801522576422435,-0.6067493270965344,0.40871688527687433,28,1.0,depression,
56358294,emotion,positive,positive,2.780435057677784,1.3258481311120562,5.332674783755118,0.45733529455989796,0.20092242014279157,28,1.0,depression,
