subj_idx,induction,prime_valence,target_valence,v,sigma,a,x0,nondectime,n_trials,accuracy,group,error
56365025,shape,positive,positive,4.006129975937725,1.0522637887925324,3.051494499079819,0.047890018888575296,0.26448157090430546,28,1.0,depression,
56365025,shape,negative,negative,-2.3292540042516676,0.7785064732741663,2.4497549656748965,-0.30682727408469385,0.36759821835508344,27,1.0,depression,
56365025,shape,positive,negative,-1.3640928202919351,1.9398317905451912,4.438542762646926,-0.6546889094718849,0.41076753042105274,20,0.95,depression,
56365025,shape,negative,positive,3.736008048704292,1.4830770162155626,4.650000000093786,0.5810943004848526,0.394997014627475,20,1.0,depression,
56365025,emotion,negative,negative,-3.6811049236937023,1.8885549628867018,2.8000000722013185,-0.23819435321154833,0.34180114823671887,26,0.9615384615384616,depression,
56365025,emotion,positive,negative,-5.840802846753374,1.5065236637541384,5.479999987116045,-0.12033930715757378,0.20014085996317077,22,1.0,depression,
56365025,emotion,negative,positive,3.9601078460869488,1.717690803663045,4.969999773687491,0.47889067112082156,0.3643425670320557,22,1.0,depression,
56365025,emotion,positive,positive,3.144220142944625,1.4441276112775594,4.839652031079859,0.5605618338427667,0.29076545861221753,26,1.0,depression,
