subj_idx,induction,prime_valence,target_valence,v,sigma,a,x0,nondectime,n_trials,accuracy,group,error
56352066,shape,negative,positive,5.038343290692625,1.8406673476363462,5.024635237188908,0.15617216732684092,0.3548803471543915,19,1.0,depression,
56352066,shape,negative,negative,-2.850860976186871,1.3041928328145256,3.740650787531636,-0.4309516351854779,0.442378665003924,25,1.0,depression,
56352066,shape,positive,positive,5.415486548635632,1.1477097481966887,3.592902466574836,-0.36424917285367925,0.2507709185667162,28,1.0,depression,
56352066,shape,positive,negative,-3.547524899752759,1.186990610140749,4.432349759433645,-0.06671537270907542,0.27600858411360973,20,1.0,depression,
56352066,emotion,positive,negative,-4.701064703933296,1.81202521816285,3.2640925091034534,0.2515891478622244,0.30070112614835115,26,0.9615384615384616,depression,
56352066,emotion,negative,positive,3.103713328184281,1.2624617846675859,4.269999759032992,0.2081001774710001,0.25575695637952345,25,1.0,depression,
56352066,emotion,negative,negative,-1.1409769163028989,0.5733053995714691,2.665138520141991,-0.6809249711272689,0.3565686774177138,21,1.0,depression,
56352066,emotion,positive,positive,2.466633138821348,1.1635041062696578,3.37020536569119,0.575710888145153,0.42730265538912504,20,1.0,depression,
