subj_idx,induction,prime_valence,target_valence,v,sigma,a,x0,nondectime,n_trials,accuracy,group,error
56015648,shape,negative,negative,-6.726863395232399,1.6719808626515247,4.1999999757535775,-0.4646400517276805,0.3509957814833338,26,1.0,normal,
56015648,shape,positive,positive,4.189438289693642,1.8078566700929313,2.479999935200056,0.018815526248345062,0.23730318952265386,26,0.9615384615384616,normal,
56015648,shape,positive,negative,-5.286180844953183,1.9958178246673766,4.623553206978896,-0.4586810785867019,0.3652604289726968,22,1.0,normal,
56015648,shape,negative,positive,6.311790808630086,0.9698766956211308,3.858780879894261,0.1624082949929477,0.20041623392825006,21,1.0,normal,
56015648,emotion,positive,negative,-4.486529602823599,1.1757779684768384,2.741196307654049,-0.001300703036990547,0.20062334967466103,21,1.0,normal,
56015648,emotion,positive,positive,3.277871008446437,1.5578918666729797,1.5406859743237187,0.4851856470938584,0.34012116892764843,27,0.9629629629629629,normal,
56015648,emotion,negative,positive,5.7878844048491,0.9024852997460754,4.967388008037892,0.5579265546854318,0.21476679357949383,21,1.0,normal,
56015648,emotion,negative,negative,-7.019518091232358,1.2625045604789022,1.789365828809856,0.020472442758042855,0.3447769636768829,27,1.0,normal,
