subj_idx,induction,prime_valence,target_valence,v,sigma,a,x0,nondectime,n_trials,accuracy,group,error
55779767,shape,positive,positive,3.6951422901156397,1.3442412984796082,4.218170362358445,0.4619704897135528,0.2875136259423812,29,1.0,normal,
55779767,shape,negative,negative,-4.346646073572796,1.991699097771352,3.58986866312949,0.012451171641448688,0.251678867825897,29,0.9655172413793104,normal,
55779767,shape,positive,negative,-2.304647371010193,1.072280488734227,3.0219718165994838,-0.49536003799709927,0.3605217225702972,19,1.0,normal,
55779767,shape,negative,positive,2.7579275278303075,1.5133515875368067,4.538450639403192,0.5134081599590677,0.34977644413123204,19,1.0,normal,
55779767,emotion,negative,negative,-3.526840432685138,1.429542123233289,5.0471376578669345,-0.5872756930871158,0.36798732763264486,28,1.0,normal,
55779767,emotion,positive,negative,-1.5438708807959296,1.9958360885149986,3.7592763765583874,-0.667351392332433,0.49428147825484414,20,0.95,normal,
55779767,emotion,negative,positive,4.715748256513816,1.5732481064638493,3.85387838266926,0.384924858974116,0.3207455125126927,20,1.0,normal,
55779767,emotion,positive,positive,2.1563225188263013,1.321130661705122,1.8644564805181307,0.41274088094249906,0.3661581739034296,28,0.9642857142857143,normal,
