subj_idx,induction,prime_valence,target_valence,v,sigma,a,x0,nondectime,n_trials,accuracy,group,error
56279808,shape,positive,positive,2.3080769040815476,1.4554083678923102,4.76531780189644,0.4390841974404794,0.20066338704081907,24,1.0,depression,
56279808,shape,negative,negative,-2.76646095528746,1.8292814511403954,3.104494817139065,0.024359587877070734,0.28386832402422363,24,0.9166666666666666,depression,
56279808,shape,positive,negative,-4.428196866025932,1.6066371291291097,3.7124903605286317,0.5329015558390655,0.21790779281008824,22,0.9090909090909091,depression,
56279808,shape,negative,positive,4.645311485432878,1.8675849942009821,3.52999986841357,-0.5925325234321182,0.24950589726245956,24,0.875,depression,
56279808,emotion,negative,negative,-2.188488486733563,1.5787330048415547,2.755273240469772,-0.2287316723825659,0.3132623489774269,21,0.9523809523809523,depression,
56279808,emotion,positive,negative,-6.908276071737857,1.6957342298415186,3.789359053270016,0.7248445740955491,0.23850406382608336,26,0.9230769230769231,depression,
56279808,emotion,negative,positive,2.891003351332746,1.453164314463586,2.8894676425488632,-0.3023427146153375,0.21279378781975714,26,0.9615384615384616,depression,
56279808,emotion,positive,positive,4.9299138081084655,1.8225876370096208,5.527426896543565,0.24063372171665395,0.20037455455456887,22,1.0,depression,
