subj_idx,induction,prime_valence,target_valence,v,sigma,a,x0,nondectime,n_trials,accuracy,group,error
56040135,shape,positive,positive,1.5141182805952522,1.3295153346704172,4.613380562312072,0.7400366001818824,0.42350778886392093,18,1.0,normal,
56040135,shape,negative,negative,-2.9683999155379923,1.7481999951056817,4.619999980639267,-0.7272395761189248,0.5285300818685764,18,1.0,normal,
56040135,shape,positive,negative,-1.7396897005827057,1.2560113505755717,2.003466625424708,-0.2658421266202136,0.3871608365838665,28,0.9285714285714286,normal,
56040135,shape,negative,positive,1.3488896306860987,1.8938977697437116,3.3335814104378203,0.3569639384307068,0.4007700160636476,26,0.8846153846153846,normal,
56040135,emotion,negative,negative,-1.2231044529110942,0.6694835088649004,1.0198399567783798,-0.03900417166481929,0.39576341317466446,23,0.9565217391304348,normal,
56040135,emotion,positive,negative,-2.246279220796571,1.1586266327431942,4.892166751123125,-0.7038633337161936,0.37134763218106853,25,1.0,normal,
56040135,emotion,negative,positive,2.9054110848173194,1.9622667918585917,2.9813887100323386,0.2767689091815195,0.3923774223735115,25,0.96,normal,
56040135,emotion,positive,positive,6.718505221926803,1.5540514174715963,4.2594565013129495,-0.08438978332242182,0.2008371374775193,23,1.0,normal,
