subj_idx,induction,prime_valence,target_valence,v,sigma,a,x0,nondectime,n_trials,accuracy,group,error
56346638,shape,negative,negative,-4.597260905007354,1.7168310787682661,5.669969898738621,-0.2600029858150534,0.33214785934972013,27,1.0,depression,
56346638,shape,positive,positive,2.1739785503138966,1.1913058489904804,4.969965749266498,0.65028321604976,0.31990765714647196,27,1.0,depression,
56346638,shape,positive,negative,-2.940980171855663,1.0758374673676963,4.7400000012267265,-0.5551006344078113,0.3671347471359009,21,1.0,depression,
56346638,shape,negative,positive,4.5802395279041965,1.0129778370001392,5.667318380183289,0.5506196715682765,0.40211912466108574,21,1.0,depression,
56346638,emotion,positive,negative,-2.71039006007813,1.9618933805656613,3.0004638814698064,-0.3213991166460446,0.39937658942109766,22,0.9545454545454546,depression,
56346638,emotion,positive,positive,4.367104190857615,1.5653366805381388,2.228078699614613,-0.10593828083171926,0.35912186457164497,25,0.96,depression,
56346638,emotion,negative,positive,4.503373069521024,1.0350375440805941,3.275974450409645,0.1263823423369698,0.3341907271257925,23,1.0,depression,
56346638,emotion,negative,negative,-6.64149364865689,1.735868685111287,5.646290263440068,0.1385059961997424,0.20040228393278062,25,1.0,depression,
