subj_idx,induction,prime_valence,target_valence,v,sigma,a,x0,nondectime,n_trials,accuracy,group,error
56365025,shape,negative,positive,3.855003866106376,1.5300191434914818,3.982755236779327,0.5014835843340265,0.39538210930282597,20,1.0,depression,
56365025,shape,negative,negative,-3.440104205844145,1.1718658231784185,3.61640979890887,-0.3217924748675218,0.3743660672480864,27,1.0,depression,
56365025,shape,positive,positive,6.328762104080866,1.6481452375886922,4.920199386565622,0.055321332307728045,0.2604503706091721,28,1.0,depression,
56365025,shape,positive,negative,-2.9961071543079845,1.289767200265163,4.647730324710722,-0.5514298113132083,0.34759009615006026,19,1.0,depression,
56365025,emotion,positive,negative,-4.119759913542649,1.0629085769606976,4.560011452767229,-0.2533882353848819,0.20037372873679615,22,1.0,depression,
56365025,emotion,negative,positive,7.494023738537074,1.4534354343567,4.525872697542008,-0.37001856480501566,0.21152357176652994,21,1.0,depression,
56365025,emotion,negative,negative,-3.2916897218994094,1.6823801582736553,2.4827386950757377,-0.231393452256723,0.3418389900598169,26,0.9615384615384616,depression,
56365025,emotion,positive,positive,5.457789723933161,1.2402874972071587,4.964399483875014,0.21398124448416608,0.20260736595574028,25,1.0,depression,
