subj_idx,induction,prime_valence,target_valence,v,sigma,a,x0,nondectime,n_trials,accuracy,group,error
55760307,shape,positive,positive,1.390391555920746,0.9325242815668977,4.391902331103416,0.7421450101060698,0.3546648211795349,25,1.0,normal,
55760307,shape,negative,negative,-2.9689214276262,1.7239187791847728,5.340000005281768,-0.5977713099760259,0.4246692250357284,25,1.0,normal,
55760307,shape,positive,negative,-2.180949476328406,1.7215490583018322,2.916992131005971,-0.21735117969099463,0.4057846211284699,23,0.9565217391304348,normal,
55760307,shape,negative,positive,1.8671658253829166,1.1367285744331803,4.109998993309144,0.6715509582793469,0.3971933277339668,22,1.0,normal,
55760307,emotion,negative,negative,-2.1701995463717023,1.8694799962882624,3.687252578131927,-0.3904767884270572,0.3966375085867653,23,0.9565217391304348,normal,
55760307,emotion,positive,negative,-2.6046103086818975,1.5854196407723669,2.5328426563232784,-0.2769468967216697,0.4056166119218621,24,0.9583333333333334,normal,
55760307,emotion,negative,positive,5.057420996074058,1.5793240154997508,3.7317786459912394,0.2673264802280818,0.36583306996834336,25,1.0,normal,
55760307,emotion,positive,positive,2.434932079435385,1.3469725639032644,4.823356275949124,0.7117975212065631,0.40946658256481727,23,1.0,normal,
