subj_idx,induction,prime_valence,target_valence,v,sigma,a,x0,nondectime,n_trials,accuracy,group,error
55938914,shape,positive,positive,2.122345542879813,1.5470003760337667,5.189999985216992,0.5668403471751983,0.4313158542071418,23,1.0,normal,
55938914,shape,negative,negative,-1.8834631487682036,1.6468156914451115,3.0172822151922074,-0.13524847171035542,0.35149224028933224,24,0.9166666666666666,normal,
55938914,shape,positive,negative,-2.995223667410241,1.836509573314527,3.087073464455776,-0.03816172570141307,0.36396350815175843,24,0.9583333333333334,normal,
55938914,shape,negative,positive,2.131346251706174,1.2738833171900479,3.4089276370825896,0.5781767375397838,0.48470859306773956,24,1.0,normal,
55938914,emotion,negative,negative,-2.357921194028963,1.9778269508364503,3.5241575406132024,-0.34259234599898797,0.47264734213981413,26,0.9615384615384616,normal,
55938914,emotion,positive,negative,-3.4004614155893305,1.4122508849643094,5.6674487908912266,-0.11129540437577097,0.21702029920132318,22,1.0,normal,
55938914,emotion,negative,positive,2.7906535219045607,1.2399655128892846,3.180000015557295,0.4781162082735,0.4716357526958087,22,1.0,normal,
55938914,emotion,positive,positive,1.4013767902028653,0.900466858953762,3.4199999982316656,0.6966632479188919,0.43495379878144114,26,1.0,normal,
