subj_idx,induction,prime_valence,target_valence,v,sigma,a,x0,nondectime,n_trials,accuracy,group,error
55862633,shape,negative,negative,-7.482008867713409,1.3190313447458613,4.984008727137611,0.08838919963996987,0.2041677521187039,23,1.0,normal,
55862633,shape,positive,positive,7.358948893459169,1.7449683332443515,4.547959810729165,0.023945023518781316,0.2503233988967532,23,1.0,normal,
55862633,shape,positive,negative,-2.103536943932711,0.9730467670782333,3.022864420791896,-0.5097892125922276,0.3756715920529963,25,1.0,normal,
55862633,shape,negative,positive,1.9719465378059482,1.530919726672231,2.085051134240578,0.49687154962435576,0.4760094531662923,25,0.96,normal,
55862633,emotion,positive,negative,-2.967822875430311,1.2293651606941423,2.96818536701629,-0.4819368841748479,0.42300724135882556,28,1.0,normal,
55862633,emotion,positive,positive,3.5685785880377803,1.9148227941095108,2.6557267096375563,0.056669383041151544,0.3757287884927725,19,0.9473684210526315,normal,
55862633,emotion,negative,positive,4.874101998567108,1.8754985516825715,2.709265889986127,0.012676156099142922,0.3577598860601509,28,0.9642857142857143,normal,
55862633,emotion,negative,negative,-1.3599371579296724,1.1396858341298612,1.4412378961442,-0.270035956584363,0.40781521782225605,20,0.9,normal,
