subj_idx,induction,prime_valence,target_valence,v,sigma,a,x0,nondectime,n_trials,accuracy,group,error
56354957,shape,negative,negative,-4.000649414498749,1.6087892596850255,5.793878112934986,-0.244690480183438,0.3639069546729175,24,1.0,depression,
56354957,shape,positive,positive,2.315498682147613,0.8084082636054583,2.5768287232485307,0.06155521377594293,0.20019761363216101,25,1.0,depression,
56354957,shape,positive,negative,-2.3051146109872582,1.8604784837428687,3.551176565279998,-0.26323793711144217,0.3407261922420193,23,0.9565217391304348,depression,
56354957,shape,negative,positive,4.809799722703624,1.6538514464199516,4.585621146753343,-0.0022454171849571993,0.20221765870908795,22,1.0,depression,
56354957,emotion,positive,negative,-2.585826149442867,1.9043158471111963,3.379854583518309,-0.29029863196487965,0.35066244158700244,27,0.9629629629629629,depression,
56354957,emotion,positive,positive,4.49940285491878,1.80651904734908,4.574741583742925,0.3316229947266333,0.2634271227940642,17,1.0,depression,
56354957,emotion,negative,positive,2.283782605613062,1.0675622184850868,3.51730195628379,0.1335585090606645,0.20065971935471463,25,1.0,depression,
56354957,emotion,negative,negative,-3.383906030186065,1.778685902470701,3.06235941923201,0.020722662263645386,0.312786609461261,21,0.9523809523809523,depression,
