subj_idx,induction,prime_valence,target_valence,v,sigma,a,x0,nondectime,n_trials,accuracy,group,error
56040135,shape,negative,negative,-2.9620230789165443,1.7288218391378998,5.942567468866461,-0.786060297969571,0.5270861910902931,18,1.0,normal,
56040135,shape,positive,positive,2.499822197593726,1.7566525606528915,4.643078090867374,0.6443052104827972,0.42111174901411536,17,1.0,normal,
56040135,shape,positive,negative,-3.9978098886805897,1.8824227539502294,2.5297446382667896,0.0038110390825739637,0.38229204366661473,27,0.9259259259259259,normal,
56040135,shape,negative,positive,1.3408024373582261,1.7663147720636543,2.865415254889972,0.3266863399316048,0.4063437717501995,25,0.88,normal,
56040135,emotion,positive,negative,-5.236425675696435,1.4493017020672623,4.554526724646109,-0.2880888473272754,0.31422364457714,24,1.0,normal,
56040135,emotion,positive,positive,5.979931398620142,1.3833138607787925,4.8001848115999,0.14413726892557843,0.2001227987025125,23,1.0,normal,
56040135,emotion,negative,positive,2.065286926304349,1.4058098760470032,2.133138207338961,0.2821780781274942,0.393476495986474,25,0.96,normal,
56040135,emotion,negative,negative,-3.4383335058958187,1.27411827795176,1.8242975045744008,0.1965586082948596,0.3908656740374579,22,0.9545454545454546,normal,
