subj_idx,induction,prime_valence,target_valence,v,sigma,a,x0,nondectime,n_trials,accuracy,group,error
56710691,shape,positive,positive,5.144653784691329,1.2090055584060329,5.578325114625734,0.7706879478408876,0.24484019429099343,22,1.0,depression,
56710691,shape,negative,negative,-6.168764631198077,1.9312503487943888,2.2715407393937803,0.362804380917078,0.2669128989721913,22,0.9090909090909091,depression,
56710691,shape,positive,negative,-1.3137917321820956,1.0985553193622788,1.5439992769866069,-0.5481819239941174,0.2803123084723661,26,0.9615384615384616,depression,
56710691,shape,negative,positive,2.71389932717528,1.5948797852879342,3.830000001375534,0.775970854641733,0.28010946036427575,26,0.9615384615384616,depression,
56710691,emotion,negative,negative,-4.444029453986567,1.4938634952305552,1.25577385746175,0.1325430326209058,0.29647953871442345,25,0.88,depression,
56710691,emotion,positive,negative,-2.0396594578696314,1.6793005364677756,1.8772164043289037,-0.5925465868644043,0.29365927112124884,23,0.9565217391304348,depression,
56710691,emotion,negative,positive,3.2393438354707222,1.587447533833871,1.721395581720191,0.009111454024934585,0.23531583770083783,23,0.9130434782608695,depression,
56710691,emotion,positive,positive,7.176479506076079,1.9953860586962833,4.485356705331414,0.5554096862183133,0.2490790196833913,25,1.0,depression,
