subj_idx,induction,prime_valence,target_valence,v,sigma,a,x0,nondectime,n_trials,accuracy,group,error
55763117,shape,negative,negative,-2.635829961236779,1.5440760643327123,5.809999982947869,-0.6919785203661587,0.4384128552963093,23,1.0,normal,
55763117,shape,positive,positive,2.285969528404614,0.8154036429822022,2.2381653583874943,0.4094187757576812,0.2476765993158203,24,1.0,normal,
55763117,shape,positive,negative,-3.08479846432099,1.5356645660410404,3.813140861144137,-0.5435521792797052,0.4294275781698087,23,1.0,normal,
55763117,shape,negative,positive,4.182690805334753,1.1447403498522755,1.0663734039667951,-0.09133714702269287,0.4325109075964587,24,0.9583333333333334,normal,
55763117,emotion,positive,negative,-2.744401058614663,1.9687556436239921,3.4321481669463614,-0.250693389897162,0.32424560146835485,20,0.95,normal,
55763117,emotion,positive,positive,7.1174160764789365,0.9183746954206609,2.3173748530291562,-0.4792840383952198,0.20006776137933946,28,1.0,normal,
55763117,emotion,negative,positive,6.457313662989786,0.8059847409470351,2.2924935662753536,-0.4094983379337612,0.2470387959897847,20,1.0,normal,
55763117,emotion,negative,negative,-2.4682669140066205,1.6250249780032948,2.8388766211532204,-0.0029081853890729594,0.2969254365164618,26,0.9230769230769231,normal,
