subj_idx,induction,prime_valence,target_valence,v,sigma,a,x0,nondectime,n_trials,accuracy,group,error
55763117,shape,positive,positive,4.269898486595957,1.5052196319441942,4.036545265592328,0.3795345605426981,0.24466109615768322,24,1.0,normal,
55763117,shape,negative,negative,-1.4543186043261949,1.2037677177239328,5.749102565420533,-0.7870451913014959,0.4466221625189637,24,1.0,normal,
55763117,shape,positive,negative,-2.840803066476781,1.8332730638577033,5.809999937507342,-0.6762889714757849,0.43492328345010006,24,1.0,normal,
55763117,shape,negative,positive,6.659282765200359,1.7501319759362788,1.6500000008579565,-0.14323276300183482,0.4305027448094585,24,0.9583333333333334,normal,
55763117,emotion,negative,negative,-1.0770445734102663,1.0851542034730204,1.9674067031339317,-0.17149920283111744,0.3065421800679949,27,0.8888888888888888,normal,
55763117,emotion,positive,negative,-2.4740720882021265,1.7993774310929318,3.1404928934733607,-0.26743396192866276,0.32722243958802033,20,0.95,normal,
55763117,emotion,negative,positive,7.765141979707397,0.9447935689116078,3.180000342422939,-0.27671436456604664,0.2364241728932573,20,1.0,normal,
55763117,emotion,positive,positive,4.759375090197955,0.6161238215833188,3.1077406352639314,0.26565354182631196,0.20121189486809127,28,1.0,normal,
