subj_idx,induction,prime_valence,target_valence,v,sigma,a,x0,nondectime,n_trials,accuracy,group,error
55928394,shape,negative,negative,-1.4153510592316267,0.7911344709899991,2.4286279310149013,-0.682517401040519,0.4645214813612036,22,1.0,normal,
55928394,shape,positive,positive,2.761697231511044,1.9092458622953636,3.096079548332803,-0.017550425679409988,0.2569926751954217,21,0.9047619047619048,normal,
55928394,shape,positive,negative,-5.362655533525288,1.2732071494603467,3.7856334926735795,0.1496772315171526,0.3078277497010218,26,1.0,normal,
55928394,shape,negative,positive,2.516238654146532,1.7088507755961233,2.5965261877253494,0.2609586627574531,0.36947930894114145,26,0.9615384615384616,normal,
55928394,emotion,positive,negative,-5.950147792754786,1.90679848689783,4.6930279279858516,-0.24770596720042082,0.33998881212851795,26,1.0,normal,
55928394,emotion,positive,positive,4.411697771826961,1.96293779998454,3.564176705164782,-0.18745804262866797,0.22641096641367842,21,0.9523809523809523,normal,
55928394,emotion,negative,positive,2.774383525996004,1.0222632069037618,3.251330741914601,0.18092865947553324,0.200431273690842,27,1.0,normal,
55928394,emotion,negative,negative,-2.6289785966598305,1.082133818292118,2.769994477761916,-0.3994058508538533,0.34013376429178865,21,1.0,normal,
