subj_idx,induction,prime_valence,target_valence,v,sigma,a,x0,nondectime,n_trials,accuracy,group,error
55758322,shape,positive,positive,3.6227968915360313,1.1256699161179096,4.269999962960251,0.4031629514502601,0.20889710091984673,23,1.0,normal,
55758322,shape,negative,negative,-6.566577977613382,1.4230859335343633,4.65063258056804,-0.13272419036924538,0.26864663961070745,24,1.0,normal,
55758322,shape,positive,negative,-2.3518243482563594,1.4045400384576414,4.909999925440517,-0.6478449025960109,0.384606446977329,24,1.0,normal,
55758322,shape,negative,positive,5.237937285450159,1.7434202278964648,5.702633362837935,0.18720286203234668,0.20075468235827335,23,1.0,normal,
55758322,emotion,negative,negative,-3.2984368055485933,1.326826228294971,4.059862623046713,-0.4567154831817884,0.2679049582670391,25,1.0,normal,
55758322,emotion,positive,negative,-4.92729521980332,1.6688851328970156,3.969092487342004,-0.41351521510008044,0.38460051301702053,23,1.0,normal,
55758322,emotion,negative,positive,2.0039666248629455,1.2806340290400964,3.41621729217384,0.666853853016067,0.42643779898869455,23,1.0,normal,
55758322,emotion,positive,positive,4.787851150945857,1.378504198865765,3.2568091148837075,0.32860746936152496,0.25955805602815984,25,1.0,normal,
