subj_idx,induction,prime_valence,target_valence,v,sigma,a,x0,nondectime,n_trials,accuracy,group,error
56367536,shape,positive,positive,2.5922773166065927,1.3550039196119685,4.5399996736932415,0.7093772011444793,0.37554653174576025,22,1.0,depression,
56367536,shape,negative,negative,-1.2349805154487008,1.2090410226590942,4.71880161219442,-0.7930910813081985,0.3998969873707335,21,1.0,depression,
56367536,shape,positive,negative,-2.282402557202532,0.8679342808196313,2.8950700597614842,-0.30565958166906054,0.26150478851786896,26,1.0,depression,
56367536,shape,negative,positive,3.3649612404348606,1.1479899364161679,3.532615842915169,0.30607550402784683,0.3851229549069316,26,1.0,depression,
56367536,emotion,negative,negative,-3.7916347126615872,1.635312697747042,4.649309155954212,-0.274361901480956,0.33817178779174517,24,1.0,depression,
56367536,emotion,positive,negative,-1.2852695920230737,1.5152664036488264,4.988393359494764,-0.8315549187581406,0.5187610340294759,24,1.0,depression,
56367536,emotion,negative,positive,3.5275702621881244,0.7210955278399566,2.5025825770939787,-0.2011926457387307,0.20284283571454378,24,1.0,depression,
56367536,emotion,positive,positive,3.2517608090927523,1.9381634564374155,2.7317501711703884,0.15390396323911054,0.3439403451767622,23,0.9565217391304348,depression,
