subj_idx,induction,prime_valence,target_valence,v,sigma,a,x0,nondectime,n_trials,accuracy,group,error
56024896,shape,negative,negative,-3.976749834583396,0.9572563793084247,2.933102517223448,-0.18613010452133674,0.24731857920916356,24,1.0,normal,
56024896,shape,positive,positive,5.93012132689693,1.69300310679149,4.403477238330235,0.6051020342120818,0.29581417343474703,24,1.0,normal,
56024896,shape,positive,negative,-6.802952039915574,1.9276326564322486,4.08689915851021,-0.39740345464900523,0.36563034900370933,24,1.0,normal,
56024896,shape,negative,positive,6.5801751381060685,1.0744798836631024,3.039267461349999,-0.1952506018207518,0.2007317923138834,23,1.0,normal,
56024896,emotion,positive,negative,-5.066121597177363,0.6319697158253024,2.7200852848080297,0.1603993729311568,0.2023982227483805,19,1.0,normal,
56024896,emotion,positive,positive,5.429051517090161,1.2002386985400963,4.459999981265971,0.5449576810229403,0.2652298378511324,29,1.0,normal,
56024896,emotion,negative,positive,6.405277364097331,1.744751458560882,3.1054570637816497,0.4101171733015572,0.3671039653950405,19,1.0,normal,
56024896,emotion,negative,negative,-4.37164701266258,1.0022026373819966,4.71685537687331,-0.36083451008737844,0.20040875690146187,29,1.0,normal,
