subj_idx,induction,prime_valence,target_valence,v,sigma,a,x0,nondectime,n_trials,accuracy,group,error
55860282,shape,negative,negative,-5.250177401360042,1.5855127345813438,3.117696424620121,-0.31117038883441495,0.339716379440025,23,1.0,normal,
55860282,shape,positive,positive,7.195802145054016,1.2525993580570793,3.7153442112587807,-0.1869909755316109,0.2139261435653242,23,1.0,normal,
55860282,shape,positive,negative,-2.5991729626488143,0.7647818960530199,0.8360849493997026,0.20782164377589715,0.3787120911358891,25,0.96,normal,
55860282,shape,negative,positive,3.2950515006608807,1.8383755818489522,3.9299999879324243,0.7120004423487295,0.4300212322545439,24,1.0,normal,
55860282,emotion,positive,negative,-7.296971656283768,0.9017671046136672,3.1299890488125013,0.5605432209005347,0.20033006469397585,24,1.0,normal,
55860282,emotion,positive,positive,3.455003695124399,1.5028163782992086,2.037761038498364,0.08499141339167234,0.30870032013572385,24,0.9583333333333334,normal,
55860282,emotion,negative,positive,2.732258424032416,1.6831059108241166,5.267630626830825,0.7857878162830024,0.43996057774887554,23,1.0,normal,
55860282,emotion,negative,negative,-5.341793721701471,1.7489836255632867,4.206602980636862,-0.5567257678258134,0.3816717748696561,24,1.0,normal,
