subj_idx,induction,prime_valence,target_valence,v,sigma,a,x0,nondectime,n_trials,accuracy,group,error
56020297,shape,negative,negative,-2.4167149526651386,0.6911272519298781,2.5832671653878854,-0.2220998399725645,0.20096445421996537,22,1.0,normal,
56020297,shape,positive,positive,4.7981083701385945,1.9265290630222809,4.949988100199788,0.4535199245512708,0.3413878394682774,22,1.0,normal,
56020297,shape,positive,negative,-1.7754400893972728,0.8667390407605656,2.766141810567419,-0.6545142614581878,0.451348941278088,24,1.0,normal,
56020297,shape,negative,positive,3.7767453589143667,1.713788989431614,5.051166857411902,0.41623551495064376,0.2621339842061463,26,1.0,normal,
56020297,emotion,positive,negative,-6.8949337194878835,1.830560916034566,5.285794655670414,-0.03727373848709575,0.23982414312363842,22,1.0,normal,
56020297,emotion,positive,positive,4.374455791290707,1.8330498358339307,5.8799998999458865,0.4840832944535494,0.25687831061674843,25,1.0,normal,
56020297,emotion,negative,positive,3.390579430642049,1.6321652030830636,4.806128602613438,0.609737085305026,0.3520724931704865,22,1.0,normal,
56020297,emotion,negative,negative,-2.7123229871128314,1.8232658176148193,3.313281406187686,-0.16503938165703155,0.2009291610531363,26,0.9615384615384616,normal,
