subj_idx,induction,prime_valence,target_valence,v,sigma,a,x0,nondectime,n_trials,accuracy,group,error
56362338,shape,negative,positive,3.001983243901101,1.035426203021769,2.626679118382822,0.3898492968101525,0.3625695424914215,25,1.0,depression,
56362338,shape,negative,negative,-6.673553898492149,1.7397786754113196,5.027503649405032,-0.4705000032204726,0.325956512459824,23,1.0,depression,
56362338,shape,positive,positive,5.298013652117293,1.5182807580861697,4.367477590146218,0.1264089793072303,0.20205245303753014,23,1.0,depression,
56362338,shape,positive,negative,-5.015200141619659,1.3535814935484047,4.4600051136066,-0.0638834768569103,0.20196532781275614,25,1.0,depression,
56362338,emotion,positive,negative,-3.9177671710402353,1.902177895840522,4.417873803779401,-0.6550805520427238,0.412196223727493,19,1.0,depression,
56362338,emotion,negative,positive,5.794212399211283,1.7243925915282723,4.701316723156549,0.47245562650016976,0.37392042608629245,19,1.0,depression,
56362338,emotion,negative,negative,-2.567391377689821,0.8879136776003003,2.5156894048707796,-0.0826768959399302,0.20071083223917863,29,1.0,depression,
56362338,emotion,positive,positive,3.3756326243530115,1.532480300121801,4.288191169808069,0.49483770775069086,0.30123252593439176,28,1.0,depression,
