subj_idx,induction,prime_valence,target_valence,v,sigma,a,x0,nondectime,n_trials,accuracy,group,error
56343776,shape,positive,positive,0.6594516148306315,1.3131037740667932,2.1255543419508482,0.4497981245127642,0.20281967026859735,26,0.9230769230769231,depression,
56343776,shape,negative,negative,-1.260235829008014,1.7430360157764435,2.969999651616746,-0.7445455717708214,0.20067672079953652,25,1.0,depression,
56343776,shape,positive,negative,-3.8230283131877467,0.9524588708567496,1.9803103287958945,0.8462388778012419,0.21808879479776236,22,0.45454545454545453,depression,
56343776,shape,negative,positive,2.7417011461176286,1.5734449751699937,2.312251990521378,-0.7450430844525379,0.20044068691394692,22,0.4090909090909091,depression,
56343776,emotion,negative,negative,-3.819766468951995,1.9847131305804946,3.169999583184892,0.1566049581451324,0.20071466370139315,25,0.92,depression,
56343776,emotion,positive,negative,-0.4943062262694039,1.368204687449503,2.4241741876763454,-0.4759223554824021,0.31546324041572793,23,0.6956521739130435,depression,
56343776,emotion,negative,positive,2.0306287392144493,1.6304814038991324,2.069999813771098,-0.2859650244156093,0.21807182628338417,23,0.5652173913043478,depression,
56343776,emotion,positive,positive,3.232722605666518,1.5034464570210158,3.0337901005374968,0.24980856907119303,0.20272935198571584,25,1.0,depression,
