subj_idx,induction,prime_valence,target_valence,v,sigma,a,x0,nondectime,n_trials,accuracy,group,error
55852656,shape,negative,positive,4.580258993582127,1.7650370774149071,1.7973676363178817,0.1777590121934679,0.3296451197598274,25,0.96,normal,
55852656,shape,negative,negative,-6.91613750303461,1.8111482995713486,2.4158279409866426,0.3916866829721843,0.2960563753542753,23,0.9565217391304348,normal,
55852656,shape,positive,positive,3.9449871534207714,0.9321401999777812,2.9156637289804923,0.33085932622116515,0.2314130195640266,22,1.0,normal,
55852656,shape,positive,negative,-3.802436248742887,1.8113730515202189,1.9830074762688294,-0.32472138935790734,0.30420349216184234,25,0.84,normal,
55852656,emotion,positive,negative,-6.508796173679608,1.5499356299331124,1.5454578102106142,0.32853883180896537,0.27302536878775696,25,0.96,normal,
55852656,emotion,negative,positive,5.544737148568585,1.2268531242877703,1.5186073564049012,-0.3801483180134862,0.2448993653833293,25,0.96,normal,
55852656,emotion,negative,negative,-7.071735469700216,1.8905699341019193,1.7654463537009162,0.2676845626909503,0.3517646841988465,23,0.9130434782608695,normal,
55852656,emotion,positive,positive,3.4986899564184704,1.647354808944087,4.769236460498876,0.7548572004048459,0.31942218332226113,23,1.0,normal,
