subj_idx,induction,prime_valence,target_valence,v,sigma,a,x0,nondectime,n_trials,accuracy,group,error
55852656,shape,positive,positive,2.8454114992008086,1.5038933505801673,4.921359051727912,0.6792191000404946,0.281754959953298,23,1.0,normal,
55852656,shape,negative,negative,-7.2394765573283895,1.9189858395674515,2.54874696411451,0.3758668994864773,0.2976151680426955,23,0.9565217391304348,normal,
55852656,shape,positive,negative,-3.3764405717550576,1.7047524772133325,1.799052396606834,-0.33491914269306805,0.3041502562208609,25,0.84,normal,
55852656,shape,negative,positive,5.110563071244291,1.9360647143306717,1.9999998984968752,0.16458307509233303,0.3271301548016121,25,0.96,normal,
55852656,emotion,negative,negative,-5.7377133428176865,1.547331696558575,1.4343330902444476,0.28021797461352654,0.35171004046510357,23,0.9130434782608695,normal,
55852656,emotion,positive,negative,-6.735230942106764,1.6634143350418176,1.65075227982272,0.3040470561302787,0.2736726678068063,25,0.96,normal,
55852656,emotion,negative,positive,7.334762491030678,1.6414547617605983,1.979998851690513,-0.3670322393121906,0.24880069591171822,25,0.96,normal,
55852656,emotion,positive,positive,4.045053603512837,1.9379532749548476,4.960000291893541,0.718631810619019,0.3195530804568952,23,1.0,normal,
