subj_idx,induction,prime_valence,target_valence,v,sigma,a,x0,nondectime,n_trials,accuracy,group,error
55931580,shape,positive,positive,3.5943973314059092,1.444826736323405,4.471239890991871,0.2006300134780373,0.3139101746660105,17,1.0,normal,
55931580,shape,negative,negative,-2.04540130017955,0.9519059146055651,2.4950097421712116,-0.4673758289036022,0.3687882375054229,17,1.0,normal,
55931580,shape,positive,negative,-1.6730579328689692,1.7894332338985122,3.290000397653741,-0.35080767856024814,0.36963457195005955,31,0.9354838709677419,normal,
55931580,shape,negative,positive,4.528254804267384,1.8025499169163925,3.79945353892289,-0.28715730870789746,0.245160092652132,31,0.967741935483871,normal,
55931580,emotion,negative,negative,-2.7434134574225775,1.921599790430956,2.79150860835851,-0.27390908892521576,0.4082439605306369,24,0.9583333333333334,normal,
55931580,emotion,positive,negative,-1.4412462734450915,0.9597398991402317,3.2774316827284378,-0.5310366675828092,0.2811572732747917,24,1.0,normal,
55931580,emotion,negative,positive,2.5270031817688894,0.8429949323898033,2.959417408049862,0.46979957126787325,0.33427264658888856,24,1.0,normal,
55931580,emotion,positive,positive,3.571897117806223,1.9424059883404174,5.982107719412655,0.4784084567845001,0.36343464914722634,23,1.0,normal,
