subj_idx,induction,prime_valence,target_valence,v,sigma,a,x0,nondectime,n_trials,accuracy,group,error
55931580,shape,negative,positive,4.676775132884022,1.8471195821911752,3.8901346110713746,-0.30207690581712277,0.2441686547143933,31,0.967741935483871,normal,
55931580,shape,negative,negative,-3.9983497142286653,1.8278777058115296,5.433134532566919,-0.5154431777881957,0.36411375873740554,17,1.0,normal,
55931580,shape,positive,positive,4.423835945906086,1.7678125079537184,5.5454071610981055,0.20014693895844604,0.31071010106996855,17,1.0,normal,
55931580,shape,positive,negative,-1.8165208798625898,1.728903888644242,3.039490488676353,-0.30569696970068194,0.3673846666048709,30,0.9333333333333333,normal,
55931580,emotion,positive,negative,-2.6900599278990875,1.2844299344264019,4.448632844710217,-0.4007536488321975,0.2419628354542632,23,1.0,normal,
55931580,emotion,negative,positive,5.806017475039436,1.9238242115590078,5.609581213366238,0.35403590590859074,0.332519163239705,24,1.0,normal,
55931580,emotion,negative,negative,-1.6363776628638973,0.807292915613498,1.0402482625141476,-0.10236248743490667,0.4050282858657716,23,0.9565217391304348,normal,
55931580,emotion,positive,positive,3.3319737475504656,1.8118742941136747,5.442370652801425,0.4651207387562361,0.36302916632174387,23,1.0,normal,
