subj_idx,induction,prime_valence,target_valence,v,sigma,a,x0,nondectime,n_trials,accuracy,group,error
55850187,shape,positive,positive,7.853467399884442,1.479882858497999,5.270073338092221,0.21757455762168473,0.23285088061320774,25,1.0,normal,
55850187,shape,negative,negative,-2.5147055081317795,1.5164447621313604,1.9109523194714386,-0.46560791188240674,0.39183554495401196,25,0.96,normal,
55850187,shape,positive,negative,-5.233438328293547,1.8502842652269136,4.377122801281891,-0.4896482992724768,0.36857717960247816,23,1.0,normal,
55850187,shape,negative,positive,7.682268500300838,1.2439883659054147,3.000416888662027,-0.8453743287283103,0.20089212972714846,23,0.9565217391304348,normal,
55850187,emotion,negative,negative,-4.18335872582695,1.8361659543585565,2.3459216470173394,-0.24787961182521231,0.36329950606596734,29,0.9655172413793104,normal,
55850187,emotion,positive,negative,-2.3938566015947256,1.8520884805348727,2.3036501348262233,-0.533420159991945,0.4276760416185263,19,0.9473684210526315,normal,
55850187,emotion,negative,positive,7.648031772108992,1.0675430437955782,4.4348053945663635,0.05367574691441144,0.20383287124066624,19,1.0,normal,
55850187,emotion,positive,positive,6.673702681271,0.8818939834539152,5.420000195796967,0.5227305994606581,0.23570230023312305,29,1.0,normal,
