subj_idx,induction,prime_valence,target_valence,v,sigma,a,x0,nondectime,n_trials,accuracy,group,error
55774247,shape,negative,negative,-4.2191056680003864,1.871774054653688,2.0737490156650313,-0.02606060383012816,0.3643406424877596,24,0.9166666666666666,normal,
55774247,shape,positive,positive,3.205286902021669,1.10677396566754,2.470093281033592,0.400705174261573,0.3662008124002288,24,1.0,normal,
55774247,shape,positive,negative,-7.697337303150897,2.0,3.894897413660095,0.627132306090544,0.24732412685571878,24,0.9583333333333334,normal,
55774247,shape,negative,positive,3.759181281567291,1.503885060516844,2.009999946559138,0.10503077414606068,0.3863892917843383,24,0.9583333333333334,normal,
55774247,emotion,positive,negative,-5.873043541705108,0.9447549585884514,5.2141152168804545,-0.17582296822964974,0.2047269318732303,24,1.0,normal,
55774247,emotion,positive,positive,3.571329380842089,1.5632926689544173,4.79299334822487,0.5598826101839205,0.25052705461357694,24,1.0,normal,
55774247,emotion,negative,positive,7.714164258135844,1.9558016491990187,3.872693857451396,-0.7562780809364745,0.20518975064431277,24,0.875,normal,
55774247,emotion,negative,negative,-4.650863670476233,0.9418687565521163,2.4645973548275304,-0.36283557072238065,0.32854978934310736,24,1.0,normal,
