subj_idx,induction,prime_valence,target_valence,v,sigma,a,x0,nondectime,n_trials,accuracy,group,error
55938914,shape,negative,positive,1.9361059242919558,1.1633046103708309,2.740000007380748,0.5270747172922553,0.48563628786178686,24,1.0,normal,
55938914,shape,negative,negative,-3.0983248965479504,1.8679330540351247,3.572643999526192,0.03919918666724127,0.3157628886073668,23,0.9565217391304348,normal,
55938914,shape,positive,positive,1.6956141876536024,1.0842253155959811,4.516086034886328,0.6380538599794676,0.4279641461404195,22,1.0,normal,
55938914,shape,positive,negative,-3.060337528810897,1.8980729350972176,3.1747811329128672,-0.0481263720460587,0.3666155426352851,24,0.9583333333333334,normal,
55938914,emotion,positive,negative,-2.511413706837616,1.0394988653666921,5.640652350528475,-0.33922147960964577,0.21554600254919967,22,1.0,normal,
55938914,emotion,negative,positive,2.5429359474477575,1.1279505359771331,3.2383847624499698,0.5364633623917385,0.47180630821821357,22,1.0,normal,
55938914,emotion,negative,negative,-2.1081467656046797,1.761914493204169,3.1203919674705785,-0.3431002835477605,0.47367354373562587,26,0.9615384615384616,normal,
55938914,emotion,positive,positive,1.604765914148851,1.0382042665190425,4.149984607095089,0.7142768224193915,0.43586142167974207,26,1.0,normal,
