subj_idx,induction,prime_valence,target_valence,v,sigma,a,x0,nondectime,n_trials,accuracy,group,error
56277415,shape,negative,positive,3.2435773038566165,1.6933924817584611,2.9408607341418844,-0.2576262709536022,0.3100883631578443,23,0.9130434782608695,depression,
56277415,shape,negative,negative,-4.770484801167145,1.6192415260116926,2.9399999512576533,0.5765214168228917,0.3055140306835165,22,0.9090909090909091,depression,
56277415,shape,positive,positive,2.3968296911986258,1.9439648693041958,3.342914575999401,0.2583657592803024,0.3417774816589038,20,0.95,depression,
56277415,shape,positive,negative,-1.0311066431936955,1.7400109532359556,3.1379288121092954,-0.35813765390037255,0.3047019061193568,22,0.8636363636363636,depression,
56277415,emotion,positive,negative,-2.2812233429505033,1.9999985302046235,3.159191583271205,-0.1535646965426597,0.26734796677346806,25,0.88,depression,
56277415,emotion,negative,positive,2.9209875381600856,1.4476467008096077,2.6161516273568033,-0.1987028182209453,0.2970983340437195,26,0.9615384615384616,depression,
56277415,emotion,negative,negative,-1.9418651780829437,1.2496452497900583,2.2599972817632126,0.22943167264660588,0.3113658135834245,19,0.8947368421052632,depression,
56277415,emotion,positive,positive,3.601383151124565,1.8406371691056547,2.9081753781054203,-0.2758315181979667,0.2849634256838273,21,0.9047619047619048,depression,
