subj_idx,induction,prime_valence,target_valence,v,sigma,a,x0,nondectime,n_trials,accuracy,group,error
56024896,shape,positive,positive,5.685992157307563,1.6093930931745137,5.970000260042174,0.7183961129903578,0.2941238860456461,24,1.0,normal,
56024896,shape,negative,negative,-7.376695022899899,1.7484325739612265,4.581331520894444,-0.014614101878785623,0.24182909589297127,24,1.0,normal,
56024896,shape,positive,negative,-4.858195247974536,1.3680696472089906,3.3208635352502025,-0.4669086324370276,0.3645939090877467,24,1.0,normal,
56024896,shape,negative,positive,2.759998647761187,1.3617422744694712,5.680000066428137,0.7650470807887709,0.3105592132403705,24,1.0,normal,
56024896,emotion,negative,negative,-4.756598378043871,1.0904742887295555,4.670001195057357,-0.29896756161328436,0.20038994881312291,29,1.0,normal,
56024896,emotion,positive,negative,-7.694866898435561,0.9557396894880875,3.934206710628044,0.22481941424960683,0.20015854253265317,19,1.0,normal,
56024896,emotion,negative,positive,7.183154921471166,1.9742656470309459,3.333592166141905,0.3874419063293982,0.3681811342776783,19,1.0,normal,
56024896,emotion,positive,positive,6.6008745964073,1.5369561593280496,3.6088186181454316,0.32515718831211177,0.2697188660589477,29,1.0,normal,
