subj_idx,induction,prime_valence,target_valence,v,sigma,a,x0,nondectime,n_trials,accuracy,group,error
56015648,shape,positive,positive,3.778250946497478,1.6495448415942797,2.265819800713839,0.0329622601824549,0.23877270054259853,26,0.9615384615384616,normal,
56015648,shape,negative,negative,-5.975504604370591,1.5401791370542108,2.65082111978589,-0.26938141328044346,0.3550103475830766,26,1.0,normal,
56015648,shape,positive,negative,-4.400318895793576,1.6604738931650802,3.6467540683720006,-0.4276353831945033,0.3654036188992191,22,1.0,normal,
56015648,shape,negative,positive,7.262925397554897,1.116027100267851,4.127039550914246,0.09786050363699793,0.20076908625626613,21,1.0,normal,
56015648,emotion,negative,negative,-4.6077567290481936,0.8387701288265708,1.126060745959675,0.049456598279265185,0.3461479000178624,27,1.0,normal,
56015648,emotion,positive,negative,-5.822505711829243,1.526313240895801,5.491509309537404,-0.3543256905833902,0.20089939363645418,21,1.0,normal,
56015648,emotion,negative,positive,4.610758755665986,0.692094829220478,1.863026205119598,0.006935154387031228,0.2036307539572142,21,1.0,normal,
56015648,emotion,positive,positive,3.932325976998407,1.8824959397133256,1.939999990868544,0.5000658006266361,0.3392600840903981,27,0.9629629629629629,normal,
