subj_idx,induction,prime_valence,target_valence,v,sigma,a,x0,nondectime,n_trials,accuracy,group,error
56035722,shape,positive,positive,3.2630866329111434,0.937664220361774,3.8886505072168833,0.31933328145828016,0.20062596090017534,22,1.0,normal,
56035722,shape,negative,negative,-1.77188389294516,1.7326156282154543,4.320704973244082,-0.6963917875749354,0.20042467573546938,23,1.0,normal,
56035722,shape,positive,negative,-2.8780467407591166,1.4965566898096994,2.153846518451779,-0.2158642959842539,0.41144252672945275,25,0.92,normal,
56035722,shape,negative,positive,5.241867958393633,1.8918396131781512,2.6594233366932882,-0.10416011591258605,0.3467467479918283,25,0.96,normal,
56035722,emotion,negative,negative,-2.709585249620078,1.447846119811834,2.0143085468096733,-0.2934423887914095,0.4664974567270628,20,0.95,normal,
56035722,emotion,positive,negative,-2.351057343607839,0.7581693145066696,2.4289925209222343,-0.2835137086472552,0.28666466660069595,28,1.0,normal,
56035722,emotion,negative,positive,4.27697846173031,0.7222254040193629,3.099988592466306,0.47501018971392134,0.33978505369898604,28,1.0,normal,
56035722,emotion,positive,positive,3.460427399157934,1.3656844292728594,4.020000117514617,0.6424789417729331,0.36649175192575295,20,1.0,normal,
