subj_idx,induction,prime_valence,target_valence,v,sigma,a,x0,nondectime,n_trials,accuracy,group,error
55918750,shape,negative,negative,-7.969327070984642,1.8809436790851506,4.663061109310159,0.0630151540058944,0.23998574513252052,26,1.0,normal,
55918750,shape,positive,positive,6.751195852237363,1.5848345529440702,1.9233072844020156,-0.2830738355208021,0.2781428635516116,26,0.9615384615384616,normal,
55918750,shape,positive,negative,-6.653510249260577,0.7303949174548103,2.6203386107262556,0.6083006378301784,0.20101951494620002,22,1.0,normal,
55918750,shape,negative,positive,4.853186956655951,1.4719106336426622,4.784790629867801,0.6222673975440883,0.3207541052236133,22,1.0,normal,
55918750,emotion,positive,negative,-6.020249755528183,1.7293336608221193,2.096596814285906,0.19943622825892315,0.31238260213320973,26,0.9615384615384616,normal,
55918750,emotion,positive,positive,7.7560791767519,1.6429305249336794,3.1370761829674594,0.3804942038595853,0.31471690420288684,22,1.0,normal,
55918750,emotion,negative,positive,7.982108274336338,1.6034081482863367,1.8971654508381202,-0.3749625127738771,0.2910080127046642,26,0.9615384615384616,normal,
55918750,emotion,negative,negative,-6.296519662412708,1.451479195734867,5.296776023091834,-0.140310567693924,0.20215672770918916,22,1.0,normal,
