subj_idx,induction,prime_valence,target_valence,v,sigma,a,x0,nondectime,n_trials,accuracy,group,error
56783666,shape,positive,positive,5.679715745435397,1.5392990988166084,2.898931544280932,0.2595657346684123,0.3274929848691137,21,1.0,depression,
56783666,shape,negative,negative,-5.2770681993174025,1.871047939849749,4.310000003106339,-0.3414833900684327,0.32403320068684555,21,1.0,depression,
56783666,shape,positive,negative,-1.24992936046685,1.684444837682627,2.4199999840925153,-0.34012212519840057,0.3217696834643855,27,0.8518518518518519,depression,
56783666,shape,negative,positive,6.53779664350904,1.506990966616855,2.477163712741182,-0.5755319367677687,0.26001549535522295,27,0.9259259259259259,depression,
56783666,emotion,negative,negative,-2.2339251890321887,1.1240885712517497,1.3374120469334594,-0.08611352634088418,0.30724640795964303,25,0.92,depression,
56783666,emotion,positive,negative,-6.241366513897551,0.8752679151774186,4.277865060877982,-0.2748805895582376,0.23120119408307266,23,1.0,depression,
56783666,emotion,negative,positive,3.7741131305531948,1.9423928716087735,2.6615620034664618,0.3849620990388469,0.36442213789840516,23,0.9565217391304348,depression,
56783666,emotion,positive,positive,6.307741203072917,1.7428955690871077,3.9180819840178494,0.5771165252438982,0.36322822418097045,25,1.0,depression,
