subj_idx,induction,prime_valence,target_valence,v,sigma,a,x0,nondectime,n_trials,accuracy,group,error
55951038,shape,positive,positive,5.315359086734269,1.1438195858893776,3.8866290967375097,-0.07837180279592817,0.20007059455807188,23,1.0,normal,
55951038,shape,negative,negative,-1.825216024445008,1.1699509950458695,4.509442051301061,-0.7310216417067666,0.3666988373588216,23,1.0,normal,
55951038,shape,positive,negative,-3.4152965346615805,1.4598462215327517,4.359349787128991,-0.45494752809385597,0.35478976860824657,24,1.0,normal,
55951038,shape,negative,positive,4.084514046018536,1.9988578987470067,4.862226261628528,0.5499280933976363,0.4045489375134494,25,1.0,normal,
55951038,emotion,negative,negative,-3.86781191033438,1.6020604422425202,4.871356796476709,-0.6174265606981312,0.29366598545913886,22,1.0,normal,
55951038,emotion,positive,negative,-3.0448979355023655,0.6590553173057887,3.3337352509483265,-0.36966205123793405,0.20078153216121541,26,1.0,normal,
55951038,emotion,negative,positive,2.5871053212402373,1.3688965856238815,4.311790673201981,0.7042248442117676,0.34184635332564584,26,1.0,normal,
55951038,emotion,positive,positive,4.786041590125168,1.6544739726497726,3.850000250072721,0.5906680173829182,0.3383832952376126,22,1.0,normal,
