subj_idx,induction,prime_valence,target_valence,v,sigma,a,x0,nondectime,n_trials,accuracy,group,error
56696990,shape,positive,positive,2.2698297246319545,1.7077530576534399,2.923583547962482,0.24956635542623712,0.24460429370980158,27,0.9629629629629629,depression,
56696990,shape,negative,negative,-0.9326553946703212,0.7068307488157125,2.502569857205361,-0.6874385321227099,0.39892191376556146,26,1.0,depression,
56696990,shape,positive,negative,-3.662957420473783,1.5314342803179313,3.351003214951619,0.5080720953373155,0.20124293289181758,21,0.9523809523809523,depression,
56696990,shape,negative,positive,2.9971875194268405,0.9817185434698504,5.485318159244226,0.3871195870044947,0.21123594884187066,21,1.0,depression,
56696990,emotion,negative,negative,-3.2761111482078684,1.7319308178077828,2.6352476521763264,0.4948470497568629,0.20058733945433715,24,0.9166666666666666,depression,
56696990,emotion,positive,negative,-2.64976294118539,1.7380950156018744,5.7645349367222245,-0.4822251525503193,0.27617026070880424,23,1.0,depression,
56696990,emotion,negative,positive,2.1197154477105475,1.8528902261227846,2.764693140557948,0.21139852542124174,0.3156992390118082,23,0.9130434782608695,depression,
56696990,emotion,positive,positive,4.586207254663137,1.9496868153213776,2.9075368357978157,0.019911335005832222,0.2522426708199724,25,0.96,depression,
