subj_idx,induction,prime_valence,target_valence,v,sigma,a,x0,nondectime,n_trials,accuracy,group,error
56787409,shape,positive,positive,5.46627960820855,1.643314251540009,5.299952275796094,0.07403774875588112,0.20044951113408255,25,1.0,depression,
56787409,shape,negative,negative,-2.6200028315747748,1.3558550629451187,4.804541709965194,-0.6186565540512556,0.3532894909992795,25,1.0,depression,
56787409,shape,positive,negative,-1.9948689841439002,1.7571177159914653,3.7806839551455775,-0.2734816061172122,0.36222435233249073,23,0.9565217391304348,depression,
56787409,shape,negative,positive,1.4355099757023895,1.2011322763898964,5.1683118842761715,0.7730633457783735,0.4316506246539393,23,1.0,depression,
56787409,emotion,negative,negative,-3.81259816607429,1.701761566775636,2.7088465712687264,0.24106065984946798,0.3625215679703279,22,0.9545454545454546,depression,
56787409,emotion,positive,negative,-5.870739808820639,1.8512801019857346,2.566620489559583,0.30043546044949493,0.40168062492379586,25,0.96,depression,
56787409,emotion,negative,positive,1.6927835666994966,1.0120400857186485,3.436823470309709,0.7884126916849905,0.41170677803197764,26,1.0,depression,
56787409,emotion,positive,positive,0.6464094552022784,0.5867757409354519,3.074437515968073,0.8580982554876627,0.3415245194280614,22,1.0,depression,
