subj_idx,induction,prime_valence,target_valence,v,sigma,a,x0,nondectime,n_trials,accuracy,group,error
55854618,shape,negative,negative,-2.895148875735556,1.6560685765864143,1.5181586463096324,-0.12042244091548847,0.41938200821846605,23,0.8695652173913043,normal,
55854618,shape,positive,positive,2.0731893183303374,0.8997380966957573,0.9190179536535275,0.03602125918455079,0.36052805870879057,23,0.9130434782608695,normal,
55854618,shape,positive,negative,-6.217456868177947,1.8663603965180517,2.108735748748762,0.08824612387797126,0.3754477730509588,25,0.92,normal,
55854618,shape,negative,positive,7.399988456531208,1.5777567150150138,1.690154873396341,-0.4426082711627361,0.329808006684795,25,0.88,normal,
55854618,emotion,positive,negative,-7.190158257891952,1.4557604984335333,4.405230173485052,-0.23653047386953083,0.30581400876363796,25,1.0,normal,
55854618,emotion,positive,positive,6.811476548679014,1.8788167139550862,2.0777362948818277,-0.16843242750935083,0.3455393066091348,23,0.9565217391304348,normal,
55854618,emotion,negative,positive,7.433226293665018,1.1859695221557303,5.070298180634227,0.1253860390046692,0.22953071698717678,25,1.0,normal,
55854618,emotion,negative,negative,-3.5512950123545357,1.6871880024528023,1.47075387578433,-0.06351500897213706,0.3743989482624095,23,0.8695652173913043,normal,
