subj_idx,induction,prime_valence,target_valence,v,sigma,a,x0,nondectime,n_trials,accuracy,group,error
56343776,shape,negative,positive,3.4086326371882616,1.9517703205462278,2.8714684235044805,-0.7430564001251664,0.20071444120739426,22,0.4090909090909091,depression,
56343776,shape,negative,negative,-0.7612723630515317,1.0819262937904677,2.752955637925815,-0.8329755599234318,0.20057716737097261,25,1.0,depression,
56343776,shape,positive,positive,1.4456528134496995,1.8961731096903423,2.540864498333324,0.26725971305336643,0.20064137240449575,25,0.92,depression,
56343776,shape,positive,negative,-5.710547865403007,1.4071914574128277,2.9500495905701962,0.8494431352560851,0.21815605401739172,22,0.45454545454545453,depression,
56343776,emotion,positive,negative,-0.8108758209975527,1.5193138477078114,2.35419990232065,-0.3800908998870796,0.3155581308653686,22,0.6818181818181818,depression,
56343776,emotion,negative,positive,1.924090781636552,1.4910465843349743,1.8891479991348004,-0.31957075961510945,0.22070326018323527,23,0.5652173913043478,depression,
56343776,emotion,negative,negative,-1.9693090440447023,1.0192281857679193,1.599999992601465,0.1685287340580555,0.20406300528837656,25,0.92,depression,
56343776,emotion,positive,positive,3.0776678600359086,1.4217402824011667,3.1299995816142503,0.3044845156092097,0.20106408545307272,25,1.0,depression,
