subj_idx,induction,prime_valence,target_valence,v,sigma,a,x0,nondectime,n_trials,accuracy,group,error
56365025,shape,negative,negative,-5.7021594888952825,1.9420820737593467,5.3160435334228255,-0.23566048122089822,0.374148555827882,27,1.0,depression,
56365025,shape,positive,positive,6.460726050244641,1.69334313284791,5.18883894476773,0.09356470834806585,0.2636821411085466,28,1.0,depression,
56365025,shape,positive,negative,-3.7656852885086898,1.6272026725196211,4.611959935962108,-0.43466567503876424,0.348206335777538,19,1.0,depression,
56365025,shape,negative,positive,2.2198746827518687,0.8884067519422588,4.919999886520321,0.7668065426677045,0.39654968717208977,20,1.0,depression,
56365025,emotion,positive,negative,-4.222701109565979,1.0894674536301607,4.067162809132564,-0.1404866486118593,0.20059896085762227,22,1.0,depression,
56365025,emotion,positive,positive,4.751173995059574,1.0750623431676403,5.798207560585333,0.41135000021497764,0.2001932100852653,25,1.0,depression,
56365025,emotion,negative,positive,6.542359028847375,1.3016810538420835,5.01363322402488,-0.032712871423267224,0.2300125824983683,21,1.0,depression,
56365025,emotion,negative,negative,-3.4284976208601337,1.714929648687573,2.5399999345981583,-0.21191953584468826,0.33846501949618535,26,0.9615384615384616,depression,
