subj_idx,induction,prime_valence,target_valence,v,sigma,a,x0,nondectime,n_trials,accuracy,group,error
56277415,shape,positive,positive,1.549481796165599,1.6779742965925795,3.2983354686323563,0.364180365248679,0.342696535107608,22,0.9545454545454546,depression,
56277415,shape,negative,negative,-2.137652105195936,0.9006888280892221,1.6329842317928926,0.48451405548623133,0.29260017244021275,23,0.9130434782608695,depression,
56277415,shape,positive,negative,-0.9993467851910447,1.8287448157747732,3.688928097737271,-0.37477948011590595,0.29379898311373104,24,0.875,depression,
56277415,shape,negative,positive,1.8510382189937102,1.3003655970436652,2.5496441673830974,-0.18414969945031873,0.27365928351099655,25,0.92,depression,
56277415,emotion,negative,negative,-1.9075622056440895,1.7530724546403464,3.286942072501359,0.1275233885334733,0.3049311762260511,21,0.8571428571428571,depression,
56277415,emotion,positive,negative,-0.8158282482491639,1.2448725187706169,2.16000000011341,-0.3204060905763172,0.27600219754761024,26,0.8461538461538461,depression,
56277415,emotion,negative,positive,3.6031274309413477,1.8094248155676484,3.239999902819,-0.18473832036310409,0.30211106620589157,26,0.9615384615384616,depression,
56277415,emotion,positive,positive,3.9158013330066956,1.978832953674586,3.1264816881896755,-0.28934305579784864,0.28403150696930757,21,0.9047619047619048,depression,
