subj_idx,induction,prime_valence,target_valence,v,sigma,a,x0,nondectime,n_trials,accuracy,group,error
56789859,shape,positive,positive,6.683100169059514,1.6922075877365594,4.692047742292001,0.11065048772669571,0.20048727196103194,25,1.0,depression,
56789859,shape,negative,negative,-3.299118319420605,1.9201552515867564,5.849999995054154,-0.6616942525571585,0.38924984082359043,25,1.0,depression,
56789859,shape,positive,negative,-1.667649994235027,1.2594894815666522,3.870237630241961,-0.7470559855364994,0.41162620125340804,23,1.0,depression,
56789859,shape,negative,positive,6.1542481127198245,1.222495138913254,5.942007136214709,0.28624501018718845,0.20146321000199324,23,1.0,depression,
56789859,emotion,negative,negative,-5.787418576544276,1.8902032159461863,5.036632144070572,0.07910260015059685,0.20000115187445974,26,1.0,depression,
56789859,emotion,positive,negative,-3.354153192403097,1.7170623634988176,5.47394009783153,-0.6191855232372118,0.37371882667924594,21,1.0,depression,
56789859,emotion,negative,positive,4.768742109852453,1.6586659497957725,2.7765489098940566,0.3430255073430566,0.37174913809909865,22,1.0,depression,
56789859,emotion,positive,positive,7.689096063986848,1.8611806698711055,4.580000046699969,0.33527228234533174,0.3397409889602075,26,1.0,depression,
