subj_idx,induction,prime_valence,target_valence,v,sigma,a,x0,nondectime,n_trials,accuracy,group,error
56354957,shape,positive,positive,3.23588883142202,1.129807058698138,3.820683260096528,0.11443509328345006,0.2004659591021777,25,1.0,depression,
56354957,shape,negative,negative,-4.046758771872878,1.632977410009416,5.969483135124763,-0.2600988454177789,0.36521532481931146,24,1.0,depression,
56354957,shape,positive,negative,-2.206832859035439,1.7575174508606715,3.4024256816308482,-0.2562540760733951,0.33574489050434186,23,0.9565217391304348,depression,
56354957,shape,negative,positive,2.4732485775686484,1.295847795765113,4.9571240440289905,0.5220910251717832,0.269283451593671,23,1.0,depression,
56354957,emotion,negative,negative,-1.7969453367135422,0.9413455448669646,1.6171893928970018,0.02688096139509957,0.3122494743947834,21,0.9523809523809523,depression,
56354957,emotion,positive,negative,-2.4034761910386218,1.7658190244931222,3.1449425414353436,-0.2898231124864315,0.3496761376080065,27,0.9629629629629629,depression,
56354957,emotion,negative,positive,2.4997169935531467,1.3553216865788402,5.005617649786501,0.2735214148147945,0.20066323121999816,26,1.0,depression,
56354957,emotion,positive,positive,1.1910547731211187,1.3396640956441832,5.117901155518431,0.6942434089490346,0.29233585369862464,21,1.0,depression,
