subj_idx,induction,prime_valence,target_valence,v,sigma,a,x0,nondectime,n_trials,accuracy,group,error
55918750,shape,negative,positive,2.7231363539217277,0.8528903634182801,4.134508403208972,0.7574945451859207,0.3238190141843496,22,1.0,normal,
55918750,shape,negative,negative,-6.154011593167374,1.4462305069804153,4.518940332450383,-0.14727812501430335,0.2375622134441312,26,1.0,normal,
55918750,shape,positive,positive,5.046743700196667,1.205389017740951,1.4506848667237537,-0.2549758822113483,0.2803114917605498,26,0.9615384615384616,normal,
55918750,shape,positive,negative,-6.319238137078859,0.69306619372827,2.9800000046270902,0.34488773748848833,0.20069492223178806,22,1.0,normal,
55918750,emotion,positive,negative,-6.340046573456322,1.8147267454415879,2.2134476823750315,0.20192352316713952,0.3117067656055687,26,0.9615384615384616,normal,
55918750,emotion,negative,positive,7.479378435347214,1.5262562677997267,1.815746816080805,-0.34994523662963967,0.29163045656844594,26,0.9615384615384616,normal,
55918750,emotion,negative,negative,-4.111456926987628,0.9436050837109177,3.824447475110382,-0.21785599858200136,0.20056526339654407,22,1.0,normal,
55918750,emotion,positive,positive,6.351009283296442,1.3453918415560833,2.7817346011149877,0.4285760296502514,0.3140082006129485,22,1.0,normal,
