subj_idx,induction,prime_valence,target_valence,v,sigma,a,x0,nondectime,n_trials,accuracy,group,error
56358294,shape,negative,negative,-3.2076764738050647,1.9648000142731963,3.3573086014342395,0.0625743286873492,0.2638338878173295,21,0.9523809523809523,depression,
56358294,shape,positive,positive,4.042483225911188,1.59432625171794,5.699999981602148,0.5003120795493227,0.28561102472881145,19,1.0,depression,
56358294,shape,positive,negative,-1.5749781216465477,1.135943698114484,4.5710382414449375,-0.6933806727021412,0.35108871845070316,27,1.0,depression,
56358294,shape,negative,positive,2.6142304414856916,1.2181755959140252,3.6897449558824165,0.5346547247752417,0.2969165942088294,26,1.0,depression,
56358294,emotion,positive,negative,-5.38565960781815,1.85297178505767,4.0499815160730215,-0.28527804014299146,0.3636116512092433,19,1.0,depression,
56358294,emotion,positive,positive,2.3855461565194864,1.137538648118864,4.280897504200589,0.42184768390797406,0.20051024532672723,28,1.0,depression,
56358294,emotion,negative,positive,5.70032188684476,1.4261929395528963,4.189965504416477,0.12958740845598707,0.24260758043837982,18,1.0,depression,
56358294,emotion,negative,negative,-1.13543875765028,0.7700568186549774,2.5666461970250487,-0.6764437505615162,0.4098323704583884,28,1.0,depression,
