subj_idx,induction,prime_valence,target_valence,v,sigma,a,x0,nondectime,n_trials,accuracy,group,error
55936390,shape,negative,negative,-5.847809383034524,1.7644559926951406,2.2433607617905404,0.18151325718764566,0.20126034201406434,27,0.9629629629629629,normal,
55936390,shape,positive,positive,5.549042721958405,1.7151449412637363,1.483689417495416,-0.09370893620730357,0.2596770774893917,27,0.9259259259259259,normal,
55936390,shape,positive,negative,-4.750829600827717,1.326279420110124,2.860000217727429,-0.3221084315478144,0.30856099639346896,21,1.0,normal,
55936390,shape,negative,positive,7.7055438819566,0.9221963077654477,1.8216202609760839,-0.8524895364741956,0.23597938154807077,21,0.9047619047619048,normal,
55936390,emotion,positive,negative,-7.066834709377605,1.3705873820328724,2.0971907889993036,0.5677572845501325,0.2214088877046802,23,0.9130434782608695,normal,
55936390,emotion,positive,positive,4.620335549277973,1.0923201641264622,5.458302610180745,0.7038296156068471,0.20057338236795902,25,1.0,normal,
55936390,emotion,negative,positive,6.668124642461674,1.1628285095865551,1.2184299667211043,-0.4130537779430894,0.3052354607738523,23,0.9565217391304348,normal,
55936390,emotion,negative,negative,-6.004772048848793,2.0,2.445090542821111,0.05045147003076569,0.24190678570940796,25,0.96,normal,
