subj_idx,induction,prime_valence,target_valence,v,sigma,a,x0,nondectime,n_trials,accuracy,group,error
55862633,shape,positive,positive,6.292762422238247,1.5026147768563107,3.2963293552239685,-0.14171337013430124,0.2536493724355755,23,1.0,normal,
55862633,shape,negative,negative,-6.518962190466309,1.1614482266442445,4.187046102145228,0.11057645252884139,0.21035594354272646,23,1.0,normal,
55862633,shape,positive,negative,-4.142245538612309,1.9222808107183795,5.088665020246845,-0.42927510808424596,0.3761345006737613,25,1.0,normal,
55862633,shape,negative,positive,2.4343455943919623,2.0,2.7145230139179652,0.5063420769978035,0.47789660599630285,25,0.96,normal,
55862633,emotion,negative,negative,-2.225327685352257,1.8397296832751586,2.3247857515817447,-0.2732389166779925,0.40757934576782223,20,0.9,normal,
55862633,emotion,positive,negative,-2.8563440382716188,1.1597863974433302,3.1451640285163642,-0.5239922555140145,0.42199174218277685,28,1.0,normal,
55862633,emotion,negative,positive,4.369247895159643,1.7044459508579202,2.4756784431995307,0.006219174093067737,0.3557278292976479,28,0.9642857142857143,normal,
55862633,emotion,positive,positive,2.6875135550198297,1.8491858767731755,2.8505444446967636,0.1641747873308599,0.3709478521097663,20,0.95,normal,
