subj_idx,induction,prime_valence,target_valence,v,sigma,a,x0,nondectime,n_trials,accuracy,group,error
56354957,shape,negative,positive,4.608898261902931,1.5830247957552706,4.77185063900542,0.07342304481980087,0.2015950095666064,22,1.0,depression,
56354957,shape,negative,negative,-4.077409266463927,1.6453379464187168,5.900725862090306,-0.24605505419073406,0.3655704942073075,24,1.0,depression,
56354957,shape,positive,positive,4.676287692795412,1.6324802243102077,5.041255570918415,0.028910814496176853,0.20098999072152354,25,1.0,depression,
56354957,shape,positive,negative,-2.347458091836256,1.9209956047253094,3.702038096690505,-0.28018090574945576,0.34156950601761216,23,0.9565217391304348,depression,
56354957,emotion,positive,negative,-2.258063336900022,1.6398129417720808,2.896395307756007,-0.27834540379885103,0.349763319271922,27,0.9629629629629629,depression,
56354957,emotion,negative,positive,3.454308923090569,1.61343752330924,5.059677374495322,0.09085741499574188,0.20090537315316215,25,1.0,depression,
56354957,emotion,negative,negative,-3.381987749338175,1.7776778538344378,3.0606237479945526,0.021202121637514473,0.31228588590039874,21,0.9523809523809523,depression,
56354957,emotion,positive,positive,3.1116763258949485,1.2538961330991198,3.2814266683733613,0.35687719507795485,0.2644037206168691,17,1.0,depression,
