subj_idx,induction,prime_valence,target_valence,v,sigma,a,x0,nondectime,n_trials,accuracy,group,error
55781652,shape,positive,positive,2.8847060465980348,1.4725214425501043,2.6674441519655137,0.5110633577314548,0.40706270510293735,22,1.0,normal,
55781652,shape,negative,negative,-3.435086468407245,1.2317486170539276,2.0734276770868365,0.3121968289826015,0.3160724726773223,22,0.9545454545454546,normal,
55781652,shape,positive,negative,-6.597980292752388,1.7851147357974386,3.7657009318267423,0.7488125684620013,0.20058965676073573,26,0.9230769230769231,normal,
55781652,shape,negative,positive,4.05104895820096,1.267739539211489,2.4798986044248292,-0.5216834814746556,0.20004590617401577,26,0.9230769230769231,normal,
55781652,emotion,negative,negative,-5.739194216150365,1.90160865795325,2.470504865840597,0.27637206632247274,0.3409202352110192,24,0.9166666666666666,normal,
55781652,emotion,positive,negative,-3.7812960532783553,1.840478044095025,2.9619352862564807,-0.042782839177301246,0.34000858614341156,24,0.9583333333333334,normal,
55781652,emotion,negative,positive,3.4365703450275564,0.8345121784730738,2.705434090218008,-0.10698485814726288,0.24608618969831592,24,1.0,normal,
55781652,emotion,positive,positive,3.919584565761772,1.2739209514469416,1.9048023414955124,-0.24785992315637273,0.28859387827314203,24,0.9583333333333334,normal,
