subj_idx,induction,prime_valence,target_valence,v,sigma,a,x0,nondectime,n_trials,accuracy,group,error
55916641,shape,positive,positive,3.2321513306913934,1.4889117564911079,1.6125890690842506,0.18430912928737642,0.22120575963163022,26,0.9615384615384616,normal,
55916641,shape,negative,negative,-4.622382343040899,1.9459531465309303,2.1707795131763166,-0.07921000541064847,0.20099028879232111,26,0.9230769230769231,normal,
55916641,shape,positive,negative,-4.724321415816897,1.2189578277329938,1.6203309626753934,0.662835654803182,0.25795657823256407,22,0.5909090909090909,normal,
55916641,shape,negative,positive,7.572775223786318,1.5757294729985185,2.590000025046894,-0.7659497279134031,0.2015175514230799,22,0.7272727272727273,normal,
55916641,emotion,negative,negative,-3.4918252513177106,1.7966222968234693,3.480000042341204,-0.6183002896351195,0.2010793474475587,23,0.9565217391304348,normal,
55916641,emotion,positive,negative,-7.009457102690992,1.5137860160061323,1.812396042542681,0.7054366703421932,0.24518577705818864,25,0.4,normal,
55916641,emotion,negative,positive,7.130163132516472,1.169642952446964,1.530000045021829,-0.79300976808815,0.20040869348480964,25,0.72,normal,
55916641,emotion,positive,positive,1.0257914852100058,1.8316405890962895,2.4430946757860736,0.6871610471281635,0.20428033804765627,23,0.9565217391304348,normal,
