subj_idx,induction,prime_valence,target_valence,v,sigma,a,x0,nondectime,n_trials,accuracy,group,error
56189087,shape,negative,negative,-2.404792869228478,1.2953469990454,5.301702893809898,-0.6610009259744228,0.3302747408398497,24,0.9166666666666666,depression,
56189087,shape,positive,positive,2.508126165720512,1.5715575694909758,3.515584579277134,0.6218955565188339,0.26164728526434466,24,1.0,depression,
56189087,shape,positive,negative,-3.8557847351701047,1.155247103216355,2.2799997897021416,0.6203427984161201,0.20274747488197706,24,0.7916666666666666,depression,
56189087,shape,negative,positive,3.3888143935462898,1.996765114193969,3.4051811155061036,0.0034082909524558724,0.20007011928870494,24,0.8333333333333334,depression,
56189087,emotion,positive,negative,-2.5339728429752357,1.2154598687343316,3.2394101516649636,-0.5917017308351943,0.3529514677076274,23,0.9565217391304348,depression,
56189087,emotion,positive,positive,3.737440145415837,1.9920390204340053,2.845775361219806,0.038469083234856226,0.20078249384767213,21,0.9523809523809523,depression,
56189087,emotion,negative,positive,4.6210999166392215,1.5226256502436961,4.436645569095191,0.46505546583395374,0.25051951235483394,27,1.0,depression,
56189087,emotion,negative,negative,-2.2164674043799706,1.5148300658457392,4.796194715005938,-0.6125261173842468,0.3237537343480881,21,0.9047619047619048,depression,
