subj_idx,induction,prime_valence,target_valence,v,sigma,a,x0,nondectime,n_trials,accuracy,group,error
55766121,shape,negative,negative,-4.336738845034823,1.5115284027337414,5.959514654506983,0.02192807595422208,0.20021801535088765,24,1.0,normal,
55766121,shape,positive,positive,3.676268336806632,1.979572487934331,3.1041047943576445,-0.021123275865448276,0.5991939794011523,21,0.9523809523809523,normal,
55766121,shape,positive,negative,-2.974798078954144,1.6091485446107332,5.737504047267944,-0.40291630847537524,0.38820624129285863,19,1.0,normal,
55766121,shape,negative,positive,3.2777532192088388,1.8161404751561905,3.475643728895156,-0.16476933020160936,0.5646760559599573,17,0.9411764705882353,normal,
55766121,emotion,positive,negative,-2.0060755875289042,1.3215009112207863,3.9821484284875193,-0.37087869520508404,0.40636396904857663,19,1.0,normal,
55766121,emotion,positive,positive,3.4553648235008074,1.3979443405894005,5.025699970653038,-0.10920286988086392,0.2022457477771687,24,1.0,normal,
55766121,emotion,negative,positive,1.8769165991412315,1.234349919086124,4.790000000660651,0.6585246081215446,0.46511022108644995,20,1.0,normal,
55766121,emotion,negative,negative,-1.7093942644625693,0.7073453546266922,5.723881919441661,-0.5558573775883674,0.24321152136133847,25,1.0,normal,
