subj_idx,induction,prime_valence,target_valence,v,sigma,a,x0,nondectime,n_trials,accuracy,group,error
55777851,shape,negative,negative,-5.702376909668791,1.961692497664647,4.224146667456512,-0.4430113512347104,0.32071148964283347,26,1.0,normal,
55777851,shape,positive,positive,2.5787013820014297,1.542434059489425,1.978968046239849,0.3291462126332738,0.2901858364862273,26,0.9615384615384616,normal,
55777851,shape,positive,negative,-5.20776617371744,1.7721344561435484,2.919999868022629,0.5120616604306213,0.20076936585854968,22,0.9545454545454546,normal,
55777851,shape,negative,positive,3.299446407437303,1.1412007318163213,2.108571600542641,0.5148144124787032,0.31761468121705144,22,0.9545454545454546,normal,
55777851,emotion,positive,negative,-5.690491750799318,1.0806784920568189,2.229999981053558,0.7687957886779307,0.2008561237224678,23,0.9565217391304348,normal,
55777851,emotion,positive,positive,3.749300804024614,1.8266747343883298,5.658347745625919,0.7486285462834047,0.29607231378184995,25,1.0,normal,
55777851,emotion,negative,positive,6.899814990554273,1.7749114681358131,2.3199998934603245,0.3673431759879377,0.3475518542434779,23,1.0,normal,
55777851,emotion,negative,negative,-5.562198890963757,1.7892250517042692,4.956829896490167,-0.2169181948952085,0.20068482412740857,25,1.0,normal,
