subj_idx,induction,prime_valence,target_valence,v,sigma,a,x0,nondectime,n_trials,accuracy,group,error
56277415,shape,negative,negative,-5.7477314437991724,1.9559223429555042,3.5388482191648913,0.5751048883323905,0.3060690028905539,22,0.9090909090909091,depression,
56277415,shape,positive,positive,2.4742641587520167,1.9613817584464088,3.3416691894857866,0.2590946803452351,0.3433907986480823,20,0.95,depression,
56277415,shape,positive,negative,-0.9918540317263039,1.8055397133248396,3.284989654666215,-0.39037219884908897,0.3085147235062554,22,0.8636363636363636,depression,
56277415,shape,negative,positive,2.5685731992301464,1.3085640146163073,2.34421180477815,-0.29781114939955133,0.2970524761510108,23,0.9130434782608695,depression,
56277415,emotion,positive,negative,-1.8582999416558899,1.6240823688108015,2.5405491856088114,-0.15114549523481263,0.27078770173670497,25,0.88,depression,
56277415,emotion,positive,positive,3.856970575147207,1.9484040380739525,3.0946940492803865,-0.28761995406737545,0.28229272539120553,21,0.9047619047619048,depression,
56277415,emotion,negative,positive,3.92162849655503,1.9798105073563728,3.5310391223784587,-0.17955388487234553,0.30462878874240845,26,0.9615384615384616,depression,
56277415,emotion,negative,negative,-1.6607269065140198,1.0676781355802665,1.9398850635037879,0.22394745629512158,0.3101024260304532,19,0.8947368421052632,depression,
