subj_idx,induction,prime_valence,target_valence,v,sigma,a,x0,nondectime,n_trials,accuracy,group,error
55864604,shape,negative,positive,6.330618333478081,1.26123873807269,4.701729233750915,-0.0774588052461719,0.2112602509437659,25,1.0,normal,
55864604,shape,negative,negative,-4.379023678473924,1.2965942366775012,4.758808344791248,0.0493631852901123,0.21564492171161728,23,1.0,normal,
55864604,shape,positive,positive,4.770729567720396,1.6248107153797777,5.435190799190276,0.7092295567459402,0.3101902527299663,23,1.0,normal,
55864604,shape,positive,negative,-2.2839002900731433,1.8503296377544407,3.0200000086605523,-0.4627913864929787,0.4331975903298851,23,0.9565217391304348,normal,
55864604,emotion,positive,negative,-3.010874626656675,1.7300821347463495,3.0639705448068977,-0.11490855299282313,0.3688300270378311,25,0.92,normal,
55864604,emotion,negative,positive,2.563849338127536,1.276877659689729,1.603990227840393,0.18496992650778163,0.33454689829969503,25,0.96,normal,
55864604,emotion,negative,negative,-2.2618100333891475,1.4918933811676145,2.380675015969518,-0.06934771396137829,0.37020663571997114,22,0.9545454545454546,normal,
55864604,emotion,positive,positive,2.6389629812052933,1.672452860492316,2.539999916505863,0.18582427715336922,0.2462203950151162,23,0.9565217391304348,normal,
