subj_idx,induction,prime_valence,target_valence,v,sigma,a,x0,nondectime,n_trials,accuracy,group,error
55918750,shape,positive,positive,7.444522141935252,1.803658796621311,2.1481896428012153,-0.24069734786685654,0.28242936910770167,26,0.9615384615384616,normal,
55918750,shape,negative,negative,-5.415764283430522,1.2888308777492423,4.242065355360401,-0.21732990069730845,0.2433938690021538,26,1.0,normal,
55918750,shape,positive,negative,-7.708237344651709,0.8511618244997075,4.63488665739776,0.0411473992849267,0.20458908512517118,22,1.0,normal,
55918750,shape,negative,positive,6.194800929923691,1.8710940500961348,5.92408060471994,0.620533679450732,0.3228220042065289,22,1.0,normal,
55918750,emotion,negative,negative,-7.38592076273798,1.6988168906129029,5.078812368911128,0.054384756381995206,0.20111521160340756,22,1.0,normal,
55918750,emotion,positive,negative,-5.9780652893142365,1.7361880377058092,2.135253621089086,0.1771417491823166,0.31178199861639094,26,0.9615384615384616,normal,
55918750,emotion,negative,positive,5.189001834600077,1.0356394567725729,1.2335573619810507,-0.38047956675600003,0.29063666819065476,26,0.9615384615384616,normal,
55918750,emotion,positive,positive,3.491932205722161,0.7304628179737688,2.069999999316934,0.5717188325792738,0.31261754799739294,22,1.0,normal,
