subj_idx,induction,prime_valence,target_valence,v,sigma,a,x0,nondectime,n_trials,accuracy,group,error
55938914,shape,negative,negative,-3.2971350676243985,1.9180819200923853,3.7128728465567615,0.057153135975967606,0.3146844158431935,23,0.9565217391304348,normal,
55938914,shape,positive,positive,2.115965851071241,1.353948282848982,4.990000011902484,0.5917139674431563,0.4279908484702838,22,1.0,normal,
55938914,shape,positive,negative,-3.0305170974040156,1.8749002263757037,3.110313396014263,-0.043314147380618395,0.3683064399213604,24,0.9583333333333334,normal,
55938914,shape,negative,positive,3.1310113279609957,1.848707080958741,4.813804270245738,0.5592132238077346,0.4826594581754904,24,1.0,normal,
55938914,emotion,positive,negative,-2.764212860804476,1.1437301645431979,4.213429341810732,-0.024246351267868862,0.21437438031471304,22,1.0,normal,
55938914,emotion,positive,positive,1.8339974590443766,1.1726765953565923,4.571026132920912,0.70142155147561,0.4338841079781419,26,1.0,normal,
55938914,emotion,negative,positive,1.6922489459953045,0.7444432348313168,2.699053641987277,0.6365101087463644,0.4731657878335287,22,1.0,normal,
55938914,emotion,negative,negative,-1.4687517369413474,1.2278727635670632,2.1735130464023547,-0.35220320538683286,0.47405729960760035,26,0.9615384615384616,normal,
