subj_idx,induction,prime_valence,target_valence,v,sigma,a,x0,nondectime,n_trials,accuracy,group,error
55864604,shape,positive,positive,4.082140935219115,1.4742199002951342,2.6505528598141486,0.48437447979675113,0.3140557562130129,23,1.0,normal,
55864604,shape,negative,negative,-3.762070026846477,1.13862108151234,5.454116457964347,-0.2355809879259694,0.2316294687090749,23,1.0,normal,
55864604,shape,positive,negative,-1.0492877016821458,1.5429122834906328,2.7189923671715044,-0.567552691527225,0.4397142812684556,24,0.9166666666666666,normal,
55864604,shape,negative,positive,6.031792047253512,1.1804916607314815,4.454980007199573,-0.11228969489293981,0.2005890257616591,25,1.0,normal,
55864604,emotion,negative,negative,-2.250822116461399,1.6287563145094346,2.8083111620204657,-0.09568744918802505,0.35586552945493766,23,0.9565217391304348,normal,
55864604,emotion,positive,negative,-2.2016338253635266,1.2959819517658582,2.3046915439189983,-0.1432426402417162,0.3726871376980466,25,0.92,normal,
55864604,emotion,negative,positive,2.888095518571394,1.4151213798049598,1.773419099792279,0.16554797531403934,0.33384119869923873,25,0.96,normal,
55864604,emotion,positive,positive,2.261640057582974,1.4415552915884355,2.196080927837834,0.19422213863620733,0.2468861220722252,23,0.9565217391304348,normal,
