subj_idx,induction,prime_valence,target_valence,v,sigma,a,x0,nondectime,n_trials,accuracy,group,error
56279808,shape,negative,positive,5.438818300492498,1.5452778913000267,3.1794583131196044,-0.7147673190135281,0.260685063821537,23,0.8695652173913043,depression,
56279808,shape,negative,negative,-2.957386441950755,1.9817767280677907,3.358211456239222,0.009164522691089295,0.28590853388242443,24,0.9166666666666666,depression,
56279808,shape,positive,positive,1.188277275093087,0.7494737738679591,2.866675847314588,0.519946933401091,0.20054622171542066,24,1.0,depression,
56279808,shape,positive,negative,-3.199288578447603,1.16186279665776,2.6151090521783593,0.5298808007095168,0.2274147682034943,22,0.9090909090909091,depression,
56279808,emotion,positive,negative,-5.687366311317409,1.3765724506459076,3.117388312231612,0.727810666368365,0.23753932881101525,26,0.9230769230769231,depression,
56279808,emotion,negative,positive,2.001998450026404,0.6159010332956175,1.1781272146737571,-0.5510540472723409,0.2549919981163101,24,0.9583333333333334,depression,
56279808,emotion,negative,negative,-3.5274775281099338,1.656608188771313,2.5302972714485423,0.02081324881676925,0.30708627153554435,20,0.95,depression,
56279808,emotion,positive,positive,3.37529715449493,1.2478306205912104,3.6925728445488564,0.22257110915460085,0.20086660940632056,22,1.0,depression,
