subj_idx,induction,prime_valence,target_valence,v,sigma,a,x0,nondectime,n_trials,accuracy,group,error
56027303,shape,negative,negative,-1.8529617996221068,0.9600166469877398,1.4970631416409306,0.020138748036939224,0.3880903449651444,21,0.9523809523809523,normal,
56027303,shape,positive,positive,1.7178118780681806,0.7041894684489125,4.2629209751736274,0.7030850894838229,0.26958416760412385,23,1.0,normal,
56027303,shape,positive,negative,-3.490434765109641,1.5634015289788785,5.70999955547059,-0.4528207509710391,0.28792241060263457,24,1.0,normal,
56027303,shape,negative,positive,2.7554573695209204,1.371820917608876,3.3059215364155032,0.6583628966267184,0.39710902813543575,25,1.0,normal,
56027303,emotion,positive,negative,-3.281362793850949,1.8414238637030413,4.404184925650686,-0.673140578536632,0.3593236017400695,24,1.0,normal,
56027303,emotion,positive,positive,6.297281756975372,1.112692052534354,4.907030444226961,0.3183170700813462,0.20840721734860249,23,1.0,normal,
56027303,emotion,negative,positive,4.255152641983844,1.051575870771056,2.5026250126488265,-0.0102949511488172,0.24524662587541896,24,1.0,normal,
56027303,emotion,negative,negative,-1.6420155444567341,1.0417297933092546,3.2599999977389573,-0.6430418722513627,0.36668584123676395,21,1.0,normal,
