subj_idx,induction,prime_valence,target_valence,v,sigma,a,x0,nondectime,n_trials,accuracy,group,error
55854618,shape,positive,positive,3.431910999804282,1.60332534950739,1.6371615791665843,0.10253211384887917,0.36325358201410063,23,0.9130434782608695,normal,
55854618,shape,negative,negative,-3.2467591613165627,1.887462371815234,1.7227938998673356,-0.1311878300133241,0.42010225220045044,23,0.8695652173913043,normal,
55854618,shape,positive,negative,-5.118211614730275,1.5194391568108139,1.7061083274960174,0.0810905514161648,0.37635495280780074,25,0.92,normal,
55854618,shape,negative,positive,6.419803636957777,1.3767959162495897,1.4526326807877201,-0.4350216082612001,0.3317317802441126,25,0.88,normal,
55854618,emotion,negative,negative,-2.5520031942027845,1.1445194134587355,1.0115128754821427,-0.02104226135242616,0.37255376371549165,23,0.8695652173913043,normal,
55854618,emotion,positive,negative,-6.6302261333291845,1.325244071062398,3.3978869787605217,-0.07188176062235728,0.3019395914267025,25,1.0,normal,
55854618,emotion,negative,positive,6.720421332277723,1.0351777919842524,4.104036177715924,-0.03320689361416568,0.21266816649475687,25,1.0,normal,
55854618,emotion,positive,positive,5.936089694226649,1.640108026879022,1.8153053225985702,-0.1673315953532627,0.34506389087435446,23,0.9565217391304348,normal,
