subj_idx,induction,prime_valence,target_valence,v,sigma,a,x0,nondectime,n_trials,accuracy,group,error
56189087,shape,positive,positive,1.5877010196573458,0.9304414640739801,3.3099999291204516,0.7413702721239473,0.25447992500906913,24,1.0,depression,
56189087,shape,negative,negative,-3.671745352149928,1.952587729182119,5.45216245036756,-0.4924449937116179,0.3270094324563996,24,0.9166666666666666,depression,
56189087,shape,positive,negative,-3.6974645681573697,1.1082364719001003,2.167290194638977,0.6250923425287291,0.20559378475630816,24,0.7916666666666666,depression,
56189087,shape,negative,positive,3.3047585871134135,1.927145490845334,3.265515138931203,-0.011249169175611473,0.20026582703681342,24,0.8333333333333334,depression,
56189087,emotion,negative,negative,-1.9228223053540567,1.3205937631556526,4.139425600036813,-0.6135134275259104,0.32468318977764565,21,0.9047619047619048,depression,
56189087,emotion,positive,negative,-0.842621389797543,0.8662112493141204,3.4359927882535266,-0.781518517733895,0.3661669890115736,26,0.9615384615384616,depression,
56189087,emotion,negative,positive,5.1931254612989175,1.6821283574762518,4.620016688962867,0.4143666717909213,0.24620427080176832,27,1.0,depression,
56189087,emotion,positive,positive,3.1972548947635997,1.70120059948052,2.4284174249612622,0.03370500101021989,0.20059665788184036,21,0.9523809523809523,depression,
