subj_idx,induction,prime_valence,target_valence,v,sigma,a,x0,nondectime,n_trials,accuracy,group,error
56367536,shape,negative,positive,4.099368070261732,1.3948616140766095,5.407915864681128,0.4464327743402068,0.3845258486388178,26,1.0,depression,
56367536,shape,negative,negative,-1.7002806092106004,1.2858087578773616,4.068325355948573,-0.7354124727702519,0.39851511399502565,20,1.0,depression,
56367536,shape,positive,positive,3.734369119834798,1.9208370799860868,5.310992645482686,0.6394876750787135,0.3731543898425103,22,1.0,depression,
56367536,shape,positive,negative,-3.890337461332712,1.4761755132081111,5.806588202948237,-0.408882133482593,0.2609799547655247,26,1.0,depression,
56367536,emotion,positive,negative,-3.2138546989590466,1.6472511949076245,3.9516678215993473,-0.7309911003616147,0.5155611011444856,22,1.0,depression,
56367536,emotion,negative,positive,3.479670019338448,0.7089310004188905,4.042017845644982,0.26274665446343975,0.20093342286837182,24,1.0,depression,
56367536,emotion,negative,negative,-2.9804632090875485,1.2822643177070425,3.692487569110083,-0.28015357218058595,0.33766946638902406,24,1.0,depression,
56367536,emotion,positive,positive,4.614573320076011,1.9497253426486718,2.4682053848333823,-0.015717306948260158,0.34342880672316406,22,0.9545454545454546,depression,
