subj_idx,induction,prime_valence,target_valence,v,sigma,a,x0,nondectime,n_trials,accuracy,group,error
55779767,shape,negative,negative,-3.897599521089508,1.776243061823649,3.1825182939464685,0.02347814193029185,0.2513780396909233,29,0.9655172413793104,normal,
55779767,shape,positive,positive,4.176850501261429,1.5245276706296433,3.886602289455546,0.34089733915947656,0.2882748964399353,29,1.0,normal,
55779767,shape,positive,negative,-2.624748304167794,1.2216210802138052,4.451057285796865,-0.6109200128998097,0.36091660992402264,19,1.0,normal,
55779767,shape,negative,positive,3.5432870854986147,1.9443084951606207,5.856613894793468,0.5165636363308119,0.3495025959062874,19,1.0,normal,
55779767,emotion,positive,negative,-1.0092153234564254,1.2489316899989213,2.2919110685920328,-0.6555118772106284,0.494864161282157,20,0.95,normal,
55779767,emotion,positive,positive,2.128777891663221,1.3621398321100773,1.9187767621901604,0.42388350601477826,0.36791735257366914,28,0.9642857142857143,normal,
55779767,emotion,negative,positive,5.985441735777388,2.0,4.573881838960237,0.321750704002579,0.3165441951484289,20,1.0,normal,
55779767,emotion,negative,negative,-4.136932262982781,1.6618091350524853,4.530724230632044,-0.45811548766432664,0.365819358541648,28,1.0,normal,
