subj_idx,induction,prime_valence,target_valence,v,sigma,a,x0,nondectime,n_trials,accuracy,group,error
56035722,shape,negative,negative,-1.785822053349444,1.735954015682059,3.9999999827363095,-0.6708775640490814,0.20013085092936084,23,1.0,normal,
56035722,shape,positive,positive,4.994987517656537,1.4233251747926,4.5970273563612185,0.12704396448756897,0.20589762018948202,22,1.0,normal,
56035722,shape,positive,negative,-2.3845627824169435,1.2084596465384798,1.7481339855406475,-0.17784403059478954,0.4060664774356022,25,0.92,normal,
56035722,shape,negative,positive,2.4437400420972577,0.9004482375998354,1.3006457385925518,-0.05430931201186212,0.3450545656966813,25,0.96,normal,
56035722,emotion,positive,negative,-4.6677951448460755,1.5090626158071014,5.1907042133170265,-0.33604742766632933,0.2873596894368691,28,1.0,normal,
56035722,emotion,positive,positive,3.3704019222633477,1.300432948531593,3.896489543609218,0.6347705191092299,0.36328196663714524,20,1.0,normal,
56035722,emotion,negative,positive,7.643979991906941,1.2753987246027723,4.998808576303902,0.4089662936875173,0.3360590301583435,28,1.0,normal,
56035722,emotion,negative,negative,-3.6841408329244727,1.927350740845577,2.6145443379208153,-0.26516202035573055,0.4659788825879325,20,0.95,normal,
