subj_idx,induction,prime_valence,target_valence,v,sigma,a,x0,nondectime,n_trials,accuracy,group,error
56367536,shape,negative,negative,-2.2745161258015765,1.7414774210916042,5.200000099471631,-0.7192831113135556,0.39737480493293226,20,1.0,depression,
56367536,shape,positive,positive,3.3008139215619874,1.6986958231473415,4.678481260893509,0.6458370224006593,0.37575445868434487,22,1.0,depression,
56367536,shape,positive,negative,-2.2633295355088534,0.8568610595443366,2.948330565661721,-0.3199571533801538,0.25947497742220516,26,1.0,depression,
56367536,shape,negative,positive,3.7582460209055033,1.271912612096463,3.6924322361188824,0.25220401153635924,0.38273459148365985,26,1.0,depression,
56367536,emotion,positive,negative,-3.7044363957903337,1.9068728054918107,4.429516666524119,-0.7208523787176335,0.5153179126951134,22,1.0,depression,
56367536,emotion,positive,positive,4.218639456649695,1.7506085103015214,2.197729467136109,-0.0383441700293561,0.34358126277800427,22,0.9545454545454546,depression,
56367536,emotion,negative,positive,7.757476905781251,1.5823853179421912,4.880564093978675,-0.35935988998549184,0.20122509341427988,24,1.0,depression,
56367536,emotion,negative,negative,-2.9794663978565485,1.291737565328558,3.744083203779866,-0.2954942536386118,0.34052583645489226,24,1.0,depression,
