subj_idx,induction,prime_valence,target_valence,v,sigma,a,x0,nondectime,n_trials,accuracy,group,error
56708148,shape,positive,positive,6.645268687776047,1.3368666742170479,5.143803467869048,-0.08117594077521495,0.22505623261465338,22,1.0,depression,
56708148,shape,negative,negative,-0.9538571518297358,1.6531839082199864,2.855263535582649,-0.5750503190040495,0.497512338892377,22,0.9090909090909091,depression,
56708148,shape,positive,negative,-2.47952810679974,1.8645909959643283,2.782045984788597,-0.30596326610748986,0.4977161865100801,26,0.9230769230769231,depression,
56708148,shape,negative,positive,2.459928901796603,1.2121284585309757,5.5700000975761546,0.6750376831551576,0.3938922310663171,25,1.0,depression,
56708148,emotion,negative,negative,-1.1101568517612161,1.0883695800129773,4.679391628534473,-0.7509610544527098,0.45373231575802375,22,1.0,depression,
56708148,emotion,positive,negative,-1.329537031877065,1.8206450207631426,2.759996749242923,-0.549757505446671,0.4913109155316753,24,0.9166666666666666,depression,
56708148,emotion,negative,positive,2.512679309061809,1.7196001082260832,4.830000637735768,0.6432205459357775,0.5085230779663994,25,1.0,depression,
56708148,emotion,positive,positive,2.5355845105266264,1.1571754695534198,3.1563182303431514,0.4029933280858507,0.3889444047493946,23,1.0,depression,
